-- DEPARTMENT TABLE
ALTER SESSION SET NLS_DATE_FORMAT='DD-MM-YYYY'; 

INSERT INTO DEPARTMENT VALUES (1,'Computer Science and Engineering','CS', NULL);
INSERT INTO DEPARTMENT VALUES (2,'Electronics and Comm Engineering','EC', NULL);
INSERT INTO DEPARTMENT VALUES (3,'SBS','SB', NULL);
UPDATE DEPARTMENT SET HOD_ID = 1 WHERE DEPT_ID = 1;
 


SELECT * FROM DEPARTMENT;
--COMMIT;
-- 
SELECT * FROM PERSON;



INSERT INTO PERSON VALUES ('f1@s.com' , 'pass');
INSERT INTO PERSON VALUES ('f2@s.com' , 'pass');
INSERT INTO PERSON VALUES ('f3@s.com' , 'pass');
INSERT INTO PERSON VALUES ('f4@s.com' , 'pass');
INSERT INTO PERSON VALUES ('f5@s.com' , 'pass');
INSERT INTO PERSON VALUES ('f6@s.com' , 'pass');
INSERT INTO PERSON VALUES ('f7@s.com' , 'pass');
INSERT INTO PERSON VALUES ('f8@s.com' , 'pass');
INSERT INTO PERSON VALUES ('f9@s.com' , 'pass');
INSERT INTO PERSON VALUES ('f10@s.com' , 'pass');
INSERT INTO PERSON VALUES ('f11@s.com' , 'pass');
INSERT INTO PERSON VALUES ('f12@s.com' , 'pass');


SELECT * FROM PERSON;
--

--delete from person where email like 's%';
INSERT INTO PERSON VALUES ('sri@s.com' , 'pass');
INSERT INTO PERSON VALUES ('kd@s.com' , 'pass');
INSERT INTO PERSON VALUES ('s3@s.com' , 'pass');
INSERT INTO PERSON VALUES ('s4@s.com' , 'pass');
INSERT INTO PERSON VALUES ('s5@s.com' , 'pass');
INSERT INTO PERSON VALUES ('s6@s.com' , 'pass');
INSERT INTO PERSON VALUES ('s7@s.com' , 'pass');
INSERT INTO PERSON VALUES ('s8@s.com' , 'pass');
INSERT INTO PERSON VALUES ('s9@s.com' , 'pass');
INSERT INTO PERSON VALUES ('s10@s.com' , 'pass');

INSERT INTO STUDENT VALUES ('19CS10001','VIMAL',2020,1,'sri@s.com',9876543210,'M','07-05-2000','B.Tech','AP');
INSERT INTO STUDENT VALUES ('19CS10002','AKHIL',2020,1,'kd@s.com',9876543211,'M','05-12-2000','B.Tech','Guntur, AP');
INSERT INTO STUDENT VALUES ('19CS10003','STUDENT3',2020,1,'s3@s.com',9876543213,'M','06-12-1999','B.Tech','Hyderabad, AP');
INSERT INTO STUDENT VALUES ('19CS10004','STUDENT4',2020,1,'s4@s.com',9876543214,'M','06-12-1999','B.Tech','Bhubaneswar, OD');

INSERT INTO STUDENT VALUES ('19CS40001','STUDENT5',2021,1,'s5@s.com',9876543215,'F','16-12-1996','M.Tech','Hyderabad, AP');
INSERT INTO STUDENT VALUES ('19CS40002','STUDENT6',2021,1,'s6@s.com',9876543216,'M','11-11-1996','M.Tech','Hyderabad, AP');
INSERT INTO STUDENT VALUES ('19CS40003','STUDENT7',2021,1,'s7@s.com',9876543217,'M','11-12-1996','M.Tech','Mumbai, MH');
 
 
 SELECT * FROM STUDENT;
--  
INSERT INTO COURSE VALUES (1,'PDS','CORE',1,1,4);
INSERT INTO COURSE VALUES (2,'ENGLISH','CORE',3,1,4);
INSERT INTO COURSE VALUES (3,'PHYSICS','CORE',3,1,4);
INSERT INTO COURSE VALUES (4,'MATHS','CORE',3,1,4);

INSERT INTO COURSE VALUES (5,'MATHS2','CORE',3,2,4);
INSERT INTO COURSE VALUES (6,'CHEMISTRY','CORE',3,2,4);
INSERT INTO COURSE VALUES (7,'ENGLISH2','CORE',3,2,4);
INSERT INTO COURSE VALUES (8,'CHEMISTRY LAB','LAB',3,2,4);
 
INSERT INTO COURSE VALUES (9,'DATA STRUCTURES','CORE',1,3,4);
INSERT INTO COURSE VALUES (10,'DISCRETE MATHS','CORE',1,3,4);
INSERT INTO COURSE VALUES (11,'DATA STRUCTURES LAB','LAB',1,3,3);
INSERT INTO COURSE VALUES (12,'MATHS3','CORE',3,3,4);

INSERT INTO COURSE VALUES (13,'COMBINATORICS','CORE',1,4,4);
INSERT INTO COURSE VALUES (14,'ALGORITHMS','CORE',1,4,4);
INSERT INTO COURSE VALUES (15,'ALGORITHMS LAB','LAB',1,4,3);
INSERT INTO COURSE VALUES (16,'INTRO TO ML','CORE',3,4,1);
 
INSERT INTO COURSE VALUES (17,'OPERATING SYSTEMS','CORE',1,5,4);
INSERT INTO COURSE VALUES (18,'COA','CORE',1,5,4);
INSERT INTO COURSE VALUES (19,'OPERATING SYSTEMS LAB','LAB',1,5,3);
INSERT INTO COURSE VALUES (20,'COA LAB','LAB',1,5,3);

--DELETE FROM COURSE WHERE course_id = 20;
INSERT INTO COURSE VALUES (21, 'DATABASE SYSTEMS', 'CORE', 1,6,4);
INSERT INTO COURSE VALUES (22, 'DATABASE SYSTEMS LAB', 'LAB', 1,6,3);
INSERT INTO COURSE VALUES (23, 'CN', 'CORE', 1,6,4);
INSERT INTO COURSE VALUES (24, 'CN LAB', 'LAB', 1,6,3);

INSERT INTO COURSE VALUES (25, 'ADVANCED GRAPH THEORY', 'MTECH-CORE', 1,1,3);
INSERT INTO COURSE VALUES (26, 'NETWORK SECURITY', 'MTECH-CORE', 1,1,4);
INSERT INTO COURSE VALUES (27, 'MACHINE LEARNING', 'MTECH-CORE', 1,1,4);
INSERT INTO COURSE VALUES (28, 'MACHINE LEARNING-2', 'MTECH-CORE', 1,2,4);
INSERT INTO COURSE VALUES (29, 'PROJECT-1', 'MTECH-CORE', 1,2,3);
INSERT INTO COURSE VALUES (30, 'ADVANCED CN', 'MTECH-CORE', 1,2,3);
--  

INSERT INTO COURSE VALUES (31, 'ELECTIVE-1', 'ELECTIVE', 1,4,3);
INSERT INTO COURSE VALUES (32, 'ELECTIVE-2', 'ELECTIVE', 1,4,3);
INSERT INTO COURSE VALUES (33, 'ELECTIVE-3', 'ELECTIVE', 1,6,3);
INSERT INTO COURSE VALUES (34, 'ELECTIVE-4', 'ELECTIVE', 1,6,3);
INSERT INTO COURSE VALUES (35, 'ELECTIVE-5', 'ELECTIVE', 1,8,3);
INSERT INTO COURSE VALUES (36, 'ELECTIVE-6', 'ELECTIVE', 1,8,3);
INSERT INTO COURSE VALUES (37, 'ELECTIVE-7', 'ELECTIVE', 1,8,3);


INSERT INTO PREREQUISITE VALUES (33,31); 
INSERT INTO PREREQUISITE VALUES (34,32); 
INSERT INTO PREREQUISITE VALUES (21,14); 
 

SELECT * FROM COURSE;

INSERT INTO JOBS VALUES (1,'ASSISTANT PROFESSOR');
INSERT INTO JOBS VALUES (2,'ASSOCIATE PROFESSOR');
INSERT INTO JOBS VALUES (3,'PROFESSOR');
INSERT INTO JOBS VALUES (4,'DEAN');
INSERT INTO JOBS VALUES (5,'ADMIN');

SELECT * FROM PREREQUISITE;

SELECT * FROM JOBS; 
--INSERT INTO JOBS VALUES (5,'');
 
INSERT INTO FACULTY VALUES (1,'PADMALOCHAN BERA','10-10-2011', 1,'f1@s.com',8765432109,'M', 1000000,1);
INSERT INTO FACULTY VALUES (2,'SUDIPATA SAHA','10-11-2011', 1,'f2@s.com',8765432110,'M', 1000000,1);
INSERT INTO FACULTY VALUES (3,'JOY','10-10-2011', 1,'f3@s.com',8765432119,'M', 1000000,1);
INSERT INTO FACULTY VALUES (4,'DEBI PRASAD DOGRA','10-10-2014', 1,'f4@s.com',8765432129,'M', 1000000,1);
INSERT INTO FACULTY VALUES (5,'SRINIVAS PINISETTY','10-10-2015', 1,'f5@s.com',8765432139,'M', 1000000,1);
INSERT INTO FACULTY VALUES (6,'FACULTY6','10-12-2013', 3,'f6@s.com',8765432149,'M', 1000000,1);
INSERT INTO FACULTY VALUES (7,'FACULTY7','1-1-2014', 3,'f7@s.com',8765432159,'M', 1000000,1);
INSERT INTO FACULTY VALUES (8,'FACULTY8','1-1-2014', 3,'f8@s.com',8765432160,'M', 1000000,1);
INSERT INTO FACULTY VALUES (9,'FACULTY9','1-3-2014', 3,'f9@s.com',8765432161,'M', 1000000,1);
INSERT INTO FACULTY VALUES ()
SELECT * FROM FACULTY;
  
--8 ENGLISH
--7 CHEMISTRY
--9 PHYSICS
 

 
 
 
 