-- 1. Dept 
-- 2. Student
-- 3. Faculty
-- 4. Course
-- 5. Table with Cid, yr , fid
-- 6. Registration Table sid, Cid
-- 7. Grade
-- 8. Attendance
-- 9. Prerequisite

-- SELECT owner, table_name  FROM  all_tables;
-- SELECT  table_name  FROM  USER_tables;
ALTER SESSION SET NLS_DATE_FORMAT='DD-MM-YYYY'; 

DROP TABLE Prerequisite;
DROP TABLE Attendance;
DROP TABLE SCORE;
DROP TABLE Registration;
DROP TABLE teaches;
DROP TABLE course;

DROP TABLE faculty;
DROP TABLE JOBS;
DROP TABLE student;
DROP TABLE department;
DROP TABLE PERSON;

CREATE TABLE DEPARTMENT(
    dept_id int,
    dept_name varchar(32),
    code varchar(2),
    hod_id int,
    PRIMARY KEY (dept_id)
);

--SELECT * FROM DEPARTMENT;

CREATE TABLE PERSON(
    email varchar(32),
    password varchar(32),
    PRIMARY KEY (EMAIL)
);

CREATE TABLE STUDENT(
    sroll varchar(9),
    sname varchar(32),
    batch int,
    dept_id int,
    email varchar(32),
    phone varchar(32),
    gender char, 
    dob date,
    program varchar(16),
    address varchar(32),
    PRIMARY KEY (sroll),
    CONSTRAINT FK_STU_DEPT FOREIGN KEY (dept_id) REFERENCES DEPARTMENT(dept_id) ON DELETE CASCADE,
    CONSTRAINT FK_STU_EMAIL FOREIGN KEY (email) REFERENCES PERSON(email) ON DELETE CASCADE,
    CONSTRAINT CHECK_STU_GENDER CHECK (gender = 'F' or gender = 'M'),
    CONSTRAINT CHECK_STU_SNAME CHECK (SNAME IS NOT NULL), 
    CONSTRAINT CHECK_STU_DOB CHECK (DOB IS NOT NULL),
    CONSTRAINT CHECK_STU_EMAIL CHECK (EMAIL IS NOT NULL),
    CONSTRAINT CHECK_STU_BATCH CHECK (BATCH IS NOT NULL),
    CONSTRAINT CHECK_STU_PROGRAM CHECK (PROGRAM IS NOT NULL)
);

CREATE TABLE JOBS(
    job_id int,
    job_title varchar(32),
    PRIMARY KEY (job_id),
    CONSTRAINT CHECK_JOB_JTITLE CHECK (JOB_TITLE IS NOT NULL)
);


CREATE TABLE FACULTY(
    faculty_id int,
    fname varchar(32),
    joining_date date,
    dept_id int,
    email varchar(32),
    phone varchar(32),
    gender char,  
    salary int,
    job_id int,
    PRIMARY KEY (faculty_id),
    CONSTRAINT FK_FAC_DEPT FOREIGN KEY (dept_id) REFERENCES DEPARTMENT(dept_id) ON DELETE CASCADE,
    CONSTRAINT FK_FAC_JID FOREIGN KEY (JOB_ID) REFERENCES JOBS(JOB_ID) ON DELETE CASCADE,
    CONSTRAINT FK_FAC_EMAIL FOREIGN KEY (email) REFERENCES PERSON(email) ON DELETE CASCADE, 
    CONSTRAINT CHECK_FAC_GENDER CHECK (gender = 'F' or gender = 'M'),
    CONSTRAINT CHECK_FAC_FNAME CHECK (FNAME IS NOT NULL),
    CONSTRAINT CHECK_FAC_SAL CHECK (SALARY > 0),
    CONSTRAINT CHECK_FAC_EMAIL CHECK (EMAIL IS NOT NULL),
    CONSTRAINT CHECK_FAC_JDATE CHECK (joining_date IS NOT NULL)
);


CREATE TABLE COURSE(
    course_id int,
    cname varchar(32),
    ctype varchar(32),
    dept_id int,
    semno int,
    CREDITS int,
    PRIMARY KEY (course_id),
    CONSTRAINT FK_COU_DEPT  FOREIGN KEY (dept_id) REFERENCES DEPARTMENT(dept_id) ON DELETE CASCADE,
    CONSTRAINT CHECK_COU_CNAME CHECK (CNAME IS NOT NULL),
    CONSTRAINT CHECK_COU_CTYPE CHECK (CTYPE IS NOT NULL),
    CONSTRAINT CHECK_COU_CR CHECK (CREDITS >= 1 AND CREDITS <= 6),
    CONSTRAINT CHECK_COU_SEMNO CHECK (SEMNO >= 1 AND SEMNO <= 8)
);
--DROP TABLE TEACHES;
CREATE TABLE TEACHES(
    course_id int,
    year  varchar2(8), 
    faculty_id int,
    PRIMARY KEY (course_id, year),
    CONSTRAINT FK_OFFCOURSE_CID  FOREIGN KEY (course_id) REFERENCES COURSE(course_id) ON DELETE CASCADE,
    CONSTRAINT FK_OFFCOURSE_FID  FOREIGN KEY (faculty_id) REFERENCES FACULTY(faculty_id) ON DELETE CASCADE
);

CREATE TABLE REGISTRATION(
    sroll varchar(9),
    course_id int,
    PRIMARY KEY (sroll, course_id),
    CONSTRAINT FK_REG_SROLL FOREIGN KEY (sroll) REFERENCES STUDENT(SROLL) ON DELETE CASCADE,
    CONSTRAINT FK_REG_CID FOREIGN KEY (course_id) REFERENCES COURSE(course_id) ON DELETE CASCADE
);

CREATE TABLE SCORE(
    sroll varchar(9),
    course_id int,
    grade int,
    PRIMARY KEY (sroll, course_id),
    CONSTRAINT FK_GRA_SROLLCID FOREIGN KEY (sroll, course_id) REFERENCES REGISTRATION(sroll, course_id) ON DELETE CASCADE,
    CONSTRAINT CHECK_GRA_GRA CHECK (GRADE >= 0 AND GRADE <= 10)
);

CREATE TABLE ATTENDANCE(
    sroll varchar(9),
    course_id int,
    adate date,
    status char,
    PRIMARY KEY (sroll , course_id, adate),
    CONSTRAINT FK_ATT_SROLLCID FOREIGN KEY (sroll, course_id) REFERENCES REGISTRATION(sroll, course_id) ON DELETE CASCADE,
    CONSTRAINT CHECK_ATT_GRA CHECK (status = 'A' OR status = 'P')
);


CREATE TABLE PREREQUISITE(
    course_id int,
    prerequisite_id int,
    PRIMARY KEY (course_id, prerequisite_id),
    CONSTRAINT FK_PRE_CID FOREIGN KEY (course_id) REFERENCES COURSE(course_id) ON DELETE CASCADE,
    CONSTRAINT FK_PRE_PID FOREIGN KEY (prerequisite_id) REFERENCES COURSE(course_id) ON DELETE CASCADE
);
 
-- DEPARTMENT TABLE
ALTER SESSION SET NLS_DATE_FORMAT='DD-MM-YYYY'; 

INSERT INTO DEPARTMENT VALUES (1,'Computer Science and Engineering','CS', NULL);
INSERT INTO DEPARTMENT VALUES (2,'Electronics and Comm Engineering','EC', NULL);
INSERT INTO DEPARTMENT VALUES (3,'SBS','SB', NULL);
UPDATE DEPARTMENT SET HOD_ID = 1 WHERE DEPT_ID = 1;
 


SELECT * FROM DEPARTMENT;
--COMMIT;
-- 
SELECT * FROM PERSON;



INSERT INTO PERSON VALUES ('f1@s.com' , 'pass');
INSERT INTO PERSON VALUES ('f2@s.com' , 'pass');
INSERT INTO PERSON VALUES ('f3@s.com' , 'pass');
INSERT INTO PERSON VALUES ('f4@s.com' , 'pass');
INSERT INTO PERSON VALUES ('f5@s.com' , 'pass');
INSERT INTO PERSON VALUES ('f6@s.com' , 'pass');
INSERT INTO PERSON VALUES ('f7@s.com' , 'pass');
INSERT INTO PERSON VALUES ('f8@s.com' , 'pass');
INSERT INTO PERSON VALUES ('f9@s.com' , 'pass');
INSERT INTO PERSON VALUES ('f10@s.com' , 'pass');
INSERT INTO PERSON VALUES ('f11@s.com' , 'pass');
INSERT INTO PERSON VALUES ('f12@s.com' , 'pass');


SELECT * FROM PERSON;
--

--delete from person where email like 's%';
INSERT INTO PERSON VALUES ('sri@s.com' , 'pass');
INSERT INTO PERSON VALUES ('kd@s.com' , 'pass');
INSERT INTO PERSON VALUES ('s3@s.com' , 'pass');
INSERT INTO PERSON VALUES ('s4@s.com' , 'pass');
INSERT INTO PERSON VALUES ('s5@s.com' , 'pass');
INSERT INTO PERSON VALUES ('s6@s.com' , 'pass');
INSERT INTO PERSON VALUES ('s7@s.com' , 'pass');
INSERT INTO PERSON VALUES ('s8@s.com' , 'pass');
INSERT INTO PERSON VALUES ('s9@s.com' , 'pass');
INSERT INTO PERSON VALUES ('s10@s.com' , 'pass');

INSERT INTO STUDENT VALUES ('19CS10001','VIMAL',2020,1,'sri@s.com',9876543210,'M','07-05-2000','B.Tech','AP');
INSERT INTO STUDENT VALUES ('19CS10002','AKHIL',2020,1,'kd@s.com',9876543211,'M','05-12-2000','B.Tech','Guntur, AP');
INSERT INTO STUDENT VALUES ('19CS10003','STUDENT3',2020,1,'s3@s.com',9876543213,'M','06-12-1999','B.Tech','Hyderabad, AP');
INSERT INTO STUDENT VALUES ('19CS10004','STUDENT4',2020,1,'s4@s.com',9876543214,'M','06-12-1999','B.Tech','Bhubaneswar, OD');

INSERT INTO STUDENT VALUES ('19CS40001','STUDENT5',2021,1,'s5@s.com',9876543215,'F','16-12-1996','M.Tech','Hyderabad, AP');
INSERT INTO STUDENT VALUES ('19CS40002','STUDENT6',2021,1,'s6@s.com',9876543216,'M','11-11-1996','M.Tech','Hyderabad, AP');
INSERT INTO STUDENT VALUES ('19CS40003','STUDENT7',2021,1,'s7@s.com',9876543217,'M','11-12-1996','M.Tech','Mumbai, MH');
 
 
 SELECT * FROM STUDENT;
--  
INSERT INTO COURSE VALUES (1,'PDS','CORE',1,1,4);
INSERT INTO COURSE VALUES (2,'ENGLISH','CORE',3,1,4);
INSERT INTO COURSE VALUES (3,'PHYSICS','CORE',3,1,4);
INSERT INTO COURSE VALUES (4,'MATHS','CORE',3,1,4);

INSERT INTO COURSE VALUES (5,'MATHS2','CORE',3,2,4);
INSERT INTO COURSE VALUES (6,'CHEMISTRY','CORE',3,2,4);
INSERT INTO COURSE VALUES (7,'ENGLISH2','CORE',3,2,4);
INSERT INTO COURSE VALUES (8,'CHEMISTRY LAB','LAB',3,2,4);
 
INSERT INTO COURSE VALUES (9,'DATA STRUCTURES','CORE',1,3,4);
INSERT INTO COURSE VALUES (10,'DISCRETE MATHS','CORE',1,3,4);
INSERT INTO COURSE VALUES (11,'DATA STRUCTURES LAB','LAB',1,3,3);
INSERT INTO COURSE VALUES (12,'MATHS3','CORE',3,3,4);

INSERT INTO COURSE VALUES (13,'COMBINATORICS','CORE',1,4,4);
INSERT INTO COURSE VALUES (14,'ALGORITHMS','CORE',1,4,4);
INSERT INTO COURSE VALUES (15,'ALGORITHMS LAB','LAB',1,4,3);
INSERT INTO COURSE VALUES (16,'INTRO TO ML','CORE',3,4,1);
 
INSERT INTO COURSE VALUES (17,'OPERATING SYSTEMS','CORE',1,5,4);
INSERT INTO COURSE VALUES (18,'COA','CORE',1,5,4);
INSERT INTO COURSE VALUES (19,'OPERATING SYSTEMS LAB','LAB',1,5,3);
INSERT INTO COURSE VALUES (20,'COA LAB','LAB',1,5,3);

--DELETE FROM COURSE WHERE course_id = 20;
INSERT INTO COURSE VALUES (21, 'DATABASE SYSTEMS', 'CORE', 1,6,4);
INSERT INTO COURSE VALUES (22, 'DATABASE SYSTEMS LAB', 'LAB', 1,6,3);
INSERT INTO COURSE VALUES (23, 'CN', 'CORE', 1,6,4);
INSERT INTO COURSE VALUES (24, 'CN LAB', 'LAB', 1,6,3);

INSERT INTO COURSE VALUES (25, 'ADVANCED GRAPH THEORY', 'MTECH-CORE', 1,1,3);
INSERT INTO COURSE VALUES (26, 'NETWORK SECURITY', 'MTECH-CORE', 1,1,4);
INSERT INTO COURSE VALUES (27, 'MACHINE LEARNING', 'MTECH-CORE', 1,1,4);
INSERT INTO COURSE VALUES (28, 'MACHINE LEARNING-2', 'MTECH-CORE', 1,2,4);
INSERT INTO COURSE VALUES (29, 'PROJECT-1', 'MTECH-CORE', 1,2,3);
INSERT INTO COURSE VALUES (30, 'ADVANCED CN', 'MTECH-CORE', 1,2,3);
--  

INSERT INTO COURSE VALUES (31, 'ELECTIVE-1', 'ELECTIVE', 1,4,3);
INSERT INTO COURSE VALUES (32, 'ELECTIVE-2', 'ELECTIVE', 1,4,3);
INSERT INTO COURSE VALUES (33, 'ELECTIVE-3', 'ELECTIVE', 1,6,3);
INSERT INTO COURSE VALUES (34, 'ELECTIVE-4', 'ELECTIVE', 1,6,3);
INSERT INTO COURSE VALUES (35, 'ELECTIVE-5', 'ELECTIVE', 1,8,3);
INSERT INTO COURSE VALUES (36, 'ELECTIVE-6', 'ELECTIVE', 1,8,3);
INSERT INTO COURSE VALUES (37, 'ELECTIVE-7', 'ELECTIVE', 1,8,3);


INSERT INTO PREREQUISITE VALUES (33,31); 
INSERT INTO PREREQUISITE VALUES (34,32); 
INSERT INTO PREREQUISITE VALUES (21,14); 
 

SELECT * FROM COURSE;

INSERT INTO JOBS VALUES (1,'ASSISTANT PROFESSOR');
INSERT INTO JOBS VALUES (2,'ASSOCIATE PROFESSOR');
INSERT INTO JOBS VALUES (3,'PROFESSOR');
INSERT INTO JOBS VALUES (4,'DEAN');
INSERT INTO JOBS VALUES (5,'ADMIN');

SELECT * FROM PREREQUISITE;

SELECT * FROM JOBS; 
--INSERT INTO JOBS VALUES (5,'');
 
INSERT INTO FACULTY VALUES (1,'PADMALOCHAN BERA','10-10-2011', 1,'f1@s.com',8765432109,'M', 1000000,1);
INSERT INTO FACULTY VALUES (2,'SUDIPATA SAHA','10-11-2011', 1,'f2@s.com',8765432110,'M', 1000000,1);
INSERT INTO FACULTY VALUES (3,'JOY','10-10-2011', 1,'f3@s.com',8765432119,'M', 1000000,1);
INSERT INTO FACULTY VALUES (4,'DEBI PRASAD DOGRA','10-10-2014', 1,'f4@s.com',8765432129,'M', 1000000,1);
INSERT INTO FACULTY VALUES (5,'SRINIVAS PINISETTY','10-10-2015', 1,'f5@s.com',8765432139,'M', 1000000,1);
INSERT INTO FACULTY VALUES (6,'FACULTY6','10-12-2013', 3,'f6@s.com',8765432149,'M', 1000000,1);
INSERT INTO FACULTY VALUES (7,'FACULTY7','1-1-2014', 3,'f7@s.com',8765432159,'M', 1000000,1);
INSERT INTO FACULTY VALUES (8,'FACULTY8','1-1-2014', 3,'f8@s.com',8765432160,'M', 1000000,1);
INSERT INTO FACULTY VALUES (9,'FACULTY9','1-3-2014', 3,'f9@s.com',8765432161,'M', 1000000,1);

 
SELECT * FROM FACULTY;
  
--8 ENGLISH
--7 CHEMISTRY
--9 PHYSICS
 
--LIST OF STUDENTS, REGISTERED IN FAC COURSES
ALTER SESSION SET NLS_DATE_FORMAT='DD-MM-YYYY'; 

SELECT * FROM REGISTRATION NATURAL JOIN TEACHES;

SELECT S.SROLL, S.BATCH, C.CNAME, FLOOR(S.BATCH + (C.SEMNO)/2) AS TOREAD
    FROM STUDENT S, COURSE C WHERE C.DEPT_ID = 3 OR C.DEPT_ID = S.DEPT_ID ORDER BY S.SROLL,TOREAD ;

CREATE OR REPLACE VIEW STUDENT_COURSE_YEAR AS (SELECT S.SROLL, S.BATCH, C.COURSE_ID, FLOOR(S.BATCH + (C.SEMNO)/2) AS TOREAD
    FROM STUDENT S, COURSE C WHERE C.DEPT_ID = 3 OR C.DEPT_ID = S.DEPT_ID  )ORDER BY SROLL , TOREAD;

--Q
select * from STUDENT_COURSE_YEAR;

CREATE OR REPLACE VIEW REG_TOREAD AS (SELECT S.SROLL, S.COURSE_ID, TOREAD FROM STUDENT_COURSE_YEAR S, REGISTRATION R
    WHERE R.SROLL = S.SROLL AND R.COURSE_ID = S.COURSE_ID);

SELECT * FROM REG_TOREAD;

SELECT * FROM TEACHES T , (SELECT R.SROLL,R.COURSE_ID,S.TOREAD FROM REGISTRATION R, STUDENT_COURSE_YEAR S 
    WHERE R.SROLL = S.SROLL AND R.COURSE_ID = S.COURSE_ID) K WHERE T.COURSE_ID = K.COURSE_ID;

SELECT * FROM TEACHES;
 
 

CREATE OR REPLACE TRIGGER FAC_UPDATE_CHECK
BEFORE UPDATE ON FACULTY
FOR EACH ROW 
BEGIN
    IF :NEW.FACULTY_ID <> :OLD.FACULTY_ID
        THEN RAISE_APPLICATION_ERROR(-20000, 'ID cannot be changed!');
    ELSIF :NEW.EMAIL <> :OLD.EMAIL
        THEN RAISE_APPLICATION_ERROR(-20000, 'EMAIL ID cannot be changed!');
    END IF;
END;
/

--UPDATE FACULTY SET EMAIL = 'I' where faculty_id=1;
-- 
-- SELECT * FROM (SELECT S.SNAME, S.SROLL, S.BATCH, G.GRADE,G.COURSE_ID FROM STUDENT S, SCORE G WHERE S.SROLL = G.SROLL) P , 
--    (SELECT R.TOREAD, T.YEAR ,R.SROLL, C.CNAME,C.SEMNO,C.COURSE_ID FROM TEACHES T , COURSE C, REG_TOREAD R 
--        WHERE C.COURSE_ID = T.COURSE_ID AND T.FACULTY_ID = ? AND T.YEAR LIKE ?) K WHERE P.COURSE_ID = K.COURSE_ID AND K.SROLL = P.SROLL;
--
-- BEGIN
-- 
-- END;
-- /

DROP SEQUENCE STUDENT_MTECH_ROLL;
DROP SEQUENCE STUDENT_BTECH_ROLL;

ALTER SESSION SET NLS_DATE_FORMAT='DD-MM-YYYY'; 

CREATE SEQUENCE STUDENT_BTECH_ROLL 
START WITH 1
INCREMENT BY 1;

CREATE SEQUENCE STUDENT_MTECH_ROLL
START WITH 40001
INCREMENT BY 1;



SET SERVEROUTPUT ON;
CREATE OR REPLACE PROCEDURE add_student
(
    sname IN varchar2,
    batch IN int,
    dept in int,
    email IN varchar2,
    phone IN varchar2,
    gender IN varchar2, 
    dob IN date,
    program IN varchar2,
    address IN varchar2, PASSWORD IN VARCHAR2,
    SROLL2 OUT VARCHAR2
)    
  AS 
    ROLL INT := 0;
    BCODE VARCHAR2(4);
    SROLL VARCHAR2(9); 
BEGIN
    select code into BCODE FROM DEPARTMENT D WHERE D.DEPT_ID = dept;

    IF program = 'B.Tech'
        THEN ROLL := STUDENT_BTECH_ROLL.NEXTVAL;
            IF ROLL < 10
                THEN SROLL :=  to_char(sysdate, 'YY')  || BCODE || '1000' || TO_CHAR(ROLL);         
            ELSIF ROLL < 100
                THEN SROLL := to_char(sysdate, 'YY') || BCODE || '100' || TO_CHAR(ROLL); 
            ELSE SROLL := to_char(sysdate, 'YY') || BCODE || '10' || TO_CHAR(ROLL) ;
            END IF;
    ELSE ROLL := STUDENT_MTECH_ROLL.NEXTVAL;
    SROLL := to_char(sysdate, 'YY') || BCODE || TO_CHAR(ROLL);
    END IF;
     
    
    INSERT INTO PERSON VALUES (EMAIL, PASSWORD);

    SROLL2 := SROLL;
    INSERT INTO STUDENT VALUES ( sroll, sname, batch, dept, EMAIL, PHONE, gender, dob, PROGRAM , ADDRESS );
    DBMS_OUTPUT.PUT_LINE(ROLL || ' OO ' || SROLL);
END add_student; 
/ 
 
 

SET SERVEROUTPUT ON; 
DECLARE SROLL VARCHAR2(9);
BEGIN
--DBMS_OUTPUT.PUT_LINE(STUDENT_MTECH_ROLL.NEXTVAL);
  add_student('VIMAL2',2020,1,'sri5@s123.com',9876543210,'M','07-05-2000','B.Tech','GUNTUR, AP','pass',SROLL );
  DBMS_OUTPUT.PUT_LINE(SROLL);
END;
/
--
 
CREATE OR REPLACE TRIGGER STU__UPDATE_CHECK 
BEFORE UPDATE ON STUDENT
FOR EACH ROW
BEGIN
   
    IF :NEW.SROLL <> :OLD.SROLL  
        THEN RAISE_APPLICATION_ERROR(-20000, 'ROLL NUMBER CANNOT BE CHANGED');
    ELSIF :NEW.EMAIL <> :OLD.EMAIL 
        THEN RAISE_APPLICATION_ERROR(-20000, 'EMAIL ID CANNOT BE CHANGED');
    END IF;
    
END;
/
 
-- update student set email = '1' where sroll = '19CS10001';

--GPALIST VIEW
CREATE OR REPLACE VIEW GPALIST AS SELECT SROLL,SNAME,BATCH,SEMNO, GPA,DEPT_ID FROM
(SELECT  SROLL, SEMNO, ROUND(SUM(GRADE*CREDITS) /SUM(CREDITS) , 2) AS GPA FROM 
         (SELECT G.SROLL, G.course_id , G.GRADE, C.CREDITS,C.SEMNO FROM SCORE G, COURSE C WHERE G.course_id = C.course_id) GROUP BY SROLL, SEMNO )
    NATURAL JOIN STUDENT S ORDER BY BATCH, SEMNO ;    

SELECT * FROM GPALIST;

 

--BATCH WISE, SEM WISE TOPPERS
SELECT * FROM GPALIST G WHERE (G.BATCH, G.SEMNO, G.GPA) IN 
    (SELECT BATCH, SEMNO,  MAX(GPA) FROM GPALIST GROUP BY BATCH , SEMNO)  ORDER BY BATCH, SEMNO; 
 
CREATE OR REPLACE VIEW CGPALIST AS 
	SELECT SROLL, SNAME, BATCH, CGPA, DEPT_ID, PROGRAM FROM (SELECT SROLL, ROUND(AVG(GPA),2) AS CGPA FROM GPALIST GROUP BY SROLL) 
        NATURAL JOIN STUDENT ORDER BY CGPA DESC;

SELECT * FROM CGPALIST;
 
--BATCH WISE PROGRAM WISE TOPPERS
 
SELECT C.SROLL,C.SNAME, C.BATCH, C.PROGRAM , C.CGPA FROM CGPALIST C WHERE C.DEPT_ID =1 AND 
    (C.BATCH, C.PROGRAM, C.CGPA) IN (SELECT  BATCH,PROGRAM,  MAX(CGPA) FROM CGPALIST GROUP BY BATCH,PROGRAM ) ORDER BY BATCH,PROGRAM;
    
     
select * from cgpalist;

SELECT * FROM STUDENT WHERE DEPT_ID = 1;
SELECT * FROM FACULTY WHERE DEPT_ID = 1;
 
 
SET SERVEROUTPUT ON;   
CREATE OR REPLACE TRIGGER REGISTER_TRIGGER
BEFORE INSERT ON REGISTRATION
FOR EACH ROW
DECLARE
    PROG student.program%TYPE;
    CDEPT INT;
    SDEPT INT;
    PREREQ_NO INT;
    PREREQ_REG INT;
    SEM INT;
    REQYEAR INT;
    SIXPOINTCR INT;
    SBATCH INT;
    x int;
    found int := 0;
    CURRCOURTYPE COURSE.CTYPE%TYPE;
    cursor c1 is SELECT COURSE_ID FROM TEACHES T WHERE T.YEAR LIKE to_char(sysdate, 'YYYY') || '%';
BEGIN 

    SELECT DEPT_ID, PROGRAM, BATCH INTO SDEPT, PROG, SBATCH  FROM STUDENT WHERE SROLL = :NEW.SROLL;    
    SELECT DEPT_ID, CTYPE, SEMNO INTO CDEPT, CURRCOURTYPE , SEM FROM COURSE WHERE   COURSE_ID = :NEW.COURSE_ID;     

    OPEN c1;
    LOOP 
    fetch c1 into x;
    exit when c1%notfound;
        IF X = :NEW.COURSE_ID
        THEN FOUND :=1;
        END IF;
    exit when x = :NEW.COURSE_ID;
    end loop;
    close c1;
--    DBMS_OUTPUT.PUT_LINE(FOUND);
      
    IF CURRCOURTYPE = 'ELECTIVE'
        THEN 
            SELECT COUNT(*) INTO PREREQ_NO FROM PREREQUISITE WHERE COURSE_ID = :NEW.COURSE_ID;
            SELECT COUNT(*) INTO PREREQ_REG FROM REGISTRATION R WHERE R.SROLL = :NEW.SROLL AND  R.course_ID IN 
            (SELECT prerequisite_id FROM PREREQUISITE P WHERE P.COURSE_ID = :NEW.COURSE_ID );            
            IF PREREQ_NO  <> PREREQ_REG
                THEN DBMS_OUTPUT.PUT('NOT REG IN ALL PREREQUISITES ');
                RAISE_APPLICATION_ERROR(-20000, 'Student Cannot be registered because ALL PREREQUISITES ARE NOT MET FOR COURSE ' || :NEW.COURSE_ID || 'REQUIRED: ' || PREREQ_NO || ' but registered in'  || PREREQ_REG);
            END IF;
    ELSIF CURRCOURTYPE = 'CORE' 
        THEN
            SELECT COUNT(*) INTO PREREQ_NO FROM PREREQUISITE WHERE COURSE_ID = :NEW.COURSE_ID; 
            SELECT COUNT(*) INTO SIXPOINTCR FROM 
                (SELECT g.grade from SCORE g,prerequisite p  where  p.COURSE_ID = :NEW.COURSE_ID and g.COURSE_ID=p.COURSE_ID  and g.Sroll= :NEW.SROLL)
                WHERE grade >= 6;
            IF SIXPOINTCR =  PREREQ_NO
            THEN DBMS_OUTPUT.PUT_LINE('ERROR 6POINT RULE  MET FOR COURSE ');
            ELSE DBMS_OUTPUT.PUT_LINE('ERROR 6POINT RULE NOT MET ' || PREREQ_NO || ' reg is '  || SIXPOINTCR);
            RAISE_APPLICATION_ERROR(-20000, 'Student did not score MINIMUM OF 6 POINTS IN A PREREQUISITE FOR THE COURSE ' || :NEW.COURSE_ID );
            END IF;
    END IF;
    IF CDEPT <> 3 AND CDEPT <> SDEPT
        THEN RAISE_APPLICATION_ERROR(-20000, 'You cannot register for courses not offered to you' );
    ELSIF PROG = 'B.Tech' AND CURRCOURTYPE LIKE '%MTECH%'
        THEN RAISE_APPLICATION_ERROR(-20000, 'You cannot register for MTech courses!' );
    ELSIF PROG = 'M.Tech' AND CURRCOURTYPE NOT LIKE '%MTECH%'
        THEN RAISE_APPLICATION_ERROR(-20000, 'You can register ONLY for MTech courses!' );
    ELSIF FOUND = 0
        THEN RAISE_APPLICATION_ERROR(-20222, 'Sorry Course is not offered to you' );
    END IF; 
END;
/
 

SELECT * FROM REGISTRATION where SROLL = '19CS10002';
 INSERT INTO REGISTRATION VALUES ('19CS10002', 37);
 
--DELETE FROM REGISTRATION where SROLL = '19CS10002' AND course_id  = 37  ;

    
CREATE OR REPLACE PROCEDURE compute_grade  
(SROLL IN VARCHAR2 ,SEM IN INT, GPA OUT NUMBER)
AS
BEGIN
    GPA := 0;
    SELECT NVL( ROUND(SUM(GRADE*CREDITS) /SUM(CREDITS) , 2),0) INTO GPA FROM 
         (SELECT  G.GRADE, C.CREDITS FROM SCORE G, COURSE C WHERE C.SEMNO = SEM AND G.SROLL = SROLL AND G.course_id = C.course_id) ;   
--    SELECT GPA INTO CGPA FROM GPALIST WHERE SROLL = ROLL AND SEMNO = SEM;
END compute_grade; 
/

--DROP FUNCTION COMPUTE_GRADE;

SET SERVEROUTPUT ON;
DECLARE 
    ROLLNO VARCHAR2(9);
    SEMNO INT;
    GPA NUMBER;
BEGIN
--    ROLLNO := '&roll';
--    SEMNO := &sem;
compute_grade('19CS01001', 9, GPA);
    DBMS_OUTPUT.PUT_LINE('CGPA FOR GIVEN ROLLNO '|| ROLLNO ||' IN SEM ' || SEMNO || ' IS ' || GPA );
END;
/
 
 ALTER SESSION SET NLS_DATE_FORMAT='DD-MM-YYYY'; 
INSERT INTO ATTENDANCE VALUES ('19CS10001',1,'10-8-2019','P');
INSERT INTO ATTENDANCE VALUES ('19CS10001',1,'11-8-2019','P');
INSERT INTO ATTENDANCE VALUES ('19CS10001',1,'12-8-2019','P');
INSERT INTO ATTENDANCE VALUES ('19CS10001',1,'13-8-2019','P');
INSERT INTO ATTENDANCE VALUES ('19CS10001',1,'14-8-2019','P');
INSERT INTO ATTENDANCE VALUES ('19CS10001',1,'15-8-2019','P');
INSERT INTO ATTENDANCE VALUES ('19CS10001',1,'16-8-2019','P');
INSERT INTO ATTENDANCE VALUES ('19CS10001',1,'20-8-2019','A');
INSERT INTO ATTENDANCE VALUES ('19CS10001',1,'21-8-2019','P');
INSERT INTO ATTENDANCE VALUES ('19CS10001',1,'22-8-2019','P');
INSERT INTO ATTENDANCE VALUES ('19CS10001',2,'10-8-2019','P');
INSERT INTO ATTENDANCE VALUES ('19CS10001',2,'11-8-2019','P');
INSERT INTO ATTENDANCE VALUES ('19CS10001',2,'12-8-2019','P');
INSERT INTO ATTENDANCE VALUES ('19CS10001',2,'13-8-2019','P');
INSERT INTO ATTENDANCE VALUES ('19CS10001',2,'14-8-2019','P');
INSERT INTO ATTENDANCE VALUES ('19CS10001',2,'15-8-2019','P');
INSERT INTO ATTENDANCE VALUES ('19CS10001',2,'16-8-2019','P');
INSERT INTO ATTENDANCE VALUES ('19CS10001',2,'20-8-2019','P');
INSERT INTO ATTENDANCE VALUES ('19CS10001',2,'21-8-2019','P');
INSERT INTO ATTENDANCE VALUES ('19CS10001',2,'22-8-2019','P');
INSERT INTO ATTENDANCE VALUES ('19CS10001',3,'10-8-2019','P');
INSERT INTO ATTENDANCE VALUES ('19CS10001',3,'11-8-2019','P');
INSERT INTO ATTENDANCE VALUES ('19CS10001',3,'12-8-2019','P');
INSERT INTO ATTENDANCE VALUES ('19CS10001',3,'13-8-2019','P');
INSERT INTO ATTENDANCE VALUES ('19CS10001',3,'14-8-2019','P');
INSERT INTO ATTENDANCE VALUES ('19CS10001',3,'15-8-2019','P');
INSERT INTO ATTENDANCE VALUES ('19CS10001',3,'16-8-2019','P');
INSERT INTO ATTENDANCE VALUES ('19CS10001',3,'20-8-2019','P');
INSERT INTO ATTENDANCE VALUES ('19CS10001',3,'21-8-2019','P');
INSERT INTO ATTENDANCE VALUES ('19CS10001',3,'22-8-2019','P');
INSERT INTO ATTENDANCE VALUES ('19CS10001',4,'10-8-2019','P');
INSERT INTO ATTENDANCE VALUES ('19CS10001',4,'11-8-2019','P');
INSERT INTO ATTENDANCE VALUES ('19CS10001',4,'12-8-2019','P');
INSERT INTO ATTENDANCE VALUES ('19CS10001',4,'13-8-2019','P');
INSERT INTO ATTENDANCE VALUES ('19CS10001',4,'14-8-2019','P');
INSERT INTO ATTENDANCE VALUES ('19CS10001',4,'15-8-2019','P');
INSERT INTO ATTENDANCE VALUES ('19CS10001',4,'16-8-2019','P');
INSERT INTO ATTENDANCE VALUES ('19CS10001',4,'20-8-2019','P');
INSERT INTO ATTENDANCE VALUES ('19CS10001',4,'21-8-2019','P');
INSERT INTO ATTENDANCE VALUES ('19CS10001',4,'22-8-2019','P');
INSERT INTO ATTENDANCE VALUES ('19CS10001',5,'10-2-2020','P');
INSERT INTO ATTENDANCE VALUES ('19CS10001',5,'11-2-2020','P');
INSERT INTO ATTENDANCE VALUES ('19CS10001',5,'12-2-2020','P');
INSERT INTO ATTENDANCE VALUES ('19CS10001',5,'13-2-2020','P');
INSERT INTO ATTENDANCE VALUES ('19CS10001',5,'14-2-2020','P');
INSERT INTO ATTENDANCE VALUES ('19CS10001',5,'15-2-2020','A');
INSERT INTO ATTENDANCE VALUES ('19CS10001',5,'16-2-2020','P');
INSERT INTO ATTENDANCE VALUES ('19CS10001',5,'20-2-2020','P');
INSERT INTO ATTENDANCE VALUES ('19CS10001',5,'21-2-2020','P');
INSERT INTO ATTENDANCE VALUES ('19CS10001',5,'22-2-2020','P');
INSERT INTO ATTENDANCE VALUES ('19CS10001',6,'10-2-2020','P');
INSERT INTO ATTENDANCE VALUES ('19CS10001',6,'11-2-2020','P');
INSERT INTO ATTENDANCE VALUES ('19CS10001',6,'12-2-2020','P');
INSERT INTO ATTENDANCE VALUES ('19CS10001',6,'13-2-2020','P');
INSERT INTO ATTENDANCE VALUES ('19CS10001',6,'14-2-2020','P');
INSERT INTO ATTENDANCE VALUES ('19CS10001',6,'15-2-2020','P');
INSERT INTO ATTENDANCE VALUES ('19CS10001',6,'16-2-2020','P');
INSERT INTO ATTENDANCE VALUES ('19CS10001',6,'20-2-2020','P');
INSERT INTO ATTENDANCE VALUES ('19CS10001',6,'21-2-2020','P');
INSERT INTO ATTENDANCE VALUES ('19CS10001',6,'22-2-2020','P');
INSERT INTO ATTENDANCE VALUES ('19CS10001',7,'10-2-2020','P');
INSERT INTO ATTENDANCE VALUES ('19CS10001',7,'11-2-2020','P');
INSERT INTO ATTENDANCE VALUES ('19CS10001',7,'12-2-2020','P');
INSERT INTO ATTENDANCE VALUES ('19CS10001',7,'13-2-2020','P');
INSERT INTO ATTENDANCE VALUES ('19CS10001',7,'14-2-2020','P');
INSERT INTO ATTENDANCE VALUES ('19CS10001',7,'15-2-2020','P');
INSERT INTO ATTENDANCE VALUES ('19CS10001',7,'16-2-2020','P');
INSERT INTO ATTENDANCE VALUES ('19CS10001',7,'20-2-2020','P');
INSERT INTO ATTENDANCE VALUES ('19CS10001',7,'21-2-2020','P');
INSERT INTO ATTENDANCE VALUES ('19CS10001',7,'22-2-2020','P');
INSERT INTO ATTENDANCE VALUES ('19CS10001',8,'10-2-2020','P');
INSERT INTO ATTENDANCE VALUES ('19CS10001',8,'11-2-2020','P');
INSERT INTO ATTENDANCE VALUES ('19CS10001',8,'12-2-2020','P');
INSERT INTO ATTENDANCE VALUES ('19CS10001',8,'13-2-2020','P');
INSERT INTO ATTENDANCE VALUES ('19CS10001',8,'14-2-2020','P');
INSERT INTO ATTENDANCE VALUES ('19CS10001',8,'16-2-2020','P');
INSERT INTO ATTENDANCE VALUES ('19CS10001',8,'20-2-2020','P');
INSERT INTO ATTENDANCE VALUES ('19CS10001',8,'21-2-2020','P');
INSERT INTO ATTENDANCE VALUES ('19CS10001',8,'22-2-2020','P');
INSERT INTO ATTENDANCE VALUES ('19CS10001',8,'23-2-2020','P');
INSERT INTO ATTENDANCE VALUES ('19CS10001',9,'10-8-2020','P');
INSERT INTO ATTENDANCE VALUES ('19CS10001',9,'11-8-2020','P');
INSERT INTO ATTENDANCE VALUES ('19CS10001',9,'12-8-2020','P');
INSERT INTO ATTENDANCE VALUES ('19CS10001',9,'13-8-2020','P');
INSERT INTO ATTENDANCE VALUES ('19CS10001',9,'14-8-2020','P');
INSERT INTO ATTENDANCE VALUES ('19CS10001',9,'15-8-2020','P');
INSERT INTO ATTENDANCE VALUES ('19CS10001',9,'16-8-2020','P');
INSERT INTO ATTENDANCE VALUES ('19CS10001',9,'20-8-2020','P');
INSERT INTO ATTENDANCE VALUES ('19CS10001',9,'21-8-2020','P');
INSERT INTO ATTENDANCE VALUES ('19CS10001',9,'22-8-2020','P');
INSERT INTO ATTENDANCE VALUES ('19CS10001',10,'10-8-2020','P');
INSERT INTO ATTENDANCE VALUES ('19CS10001',10,'11-8-2020','P');
INSERT INTO ATTENDANCE VALUES ('19CS10001',10,'12-8-2020','P');
INSERT INTO ATTENDANCE VALUES ('19CS10001',10,'13-8-2020','P');
INSERT INTO ATTENDANCE VALUES ('19CS10001',10,'14-8-2020','P');
INSERT INTO ATTENDANCE VALUES ('19CS10001',10,'15-8-2020','P');
INSERT INTO ATTENDANCE VALUES ('19CS10001',10,'16-8-2020','P');
INSERT INTO ATTENDANCE VALUES ('19CS10001',10,'20-8-2020','P');
INSERT INTO ATTENDANCE VALUES ('19CS10001',10,'21-8-2020','P');
INSERT INTO ATTENDANCE VALUES ('19CS10001',10,'22-8-2020','P');
INSERT INTO ATTENDANCE VALUES ('19CS10001',11,'10-8-2020','P');
INSERT INTO ATTENDANCE VALUES ('19CS10001',11,'11-8-2020','P');
INSERT INTO ATTENDANCE VALUES ('19CS10001',11,'12-8-2020','P');
INSERT INTO ATTENDANCE VALUES ('19CS10001',11,'13-8-2020','P');
INSERT INTO ATTENDANCE VALUES ('19CS10001',11,'14-8-2020','P');
INSERT INTO ATTENDANCE VALUES ('19CS10001',11,'15-8-2020','P');
INSERT INTO ATTENDANCE VALUES ('19CS10001',11,'16-8-2020','P');
INSERT INTO ATTENDANCE VALUES ('19CS10001',11,'20-8-2020','P');
INSERT INTO ATTENDANCE VALUES ('19CS10001',11,'21-8-2020','P');
INSERT INTO ATTENDANCE VALUES ('19CS10001',11,'22-8-2020','P');
INSERT INTO ATTENDANCE VALUES ('19CS10001',12,'10-8-2020','P');
INSERT INTO ATTENDANCE VALUES ('19CS10001',12,'11-8-2020','P');
INSERT INTO ATTENDANCE VALUES ('19CS10001',12,'12-8-2020','P');
INSERT INTO ATTENDANCE VALUES ('19CS10001',12,'13-8-2020','P');
INSERT INTO ATTENDANCE VALUES ('19CS10001',12,'14-8-2020','P');
INSERT INTO ATTENDANCE VALUES ('19CS10001',12,'16-8-2020','P');
INSERT INTO ATTENDANCE VALUES ('19CS10001',12,'20-8-2020','P');
INSERT INTO ATTENDANCE VALUES ('19CS10001',12,'21-8-2020','P');
INSERT INTO ATTENDANCE VALUES ('19CS10001',12,'22-8-2020','P');
INSERT INTO ATTENDANCE VALUES ('19CS10001',12,'23-8-2020','P');
INSERT INTO ATTENDANCE VALUES ('19CS10001',13,'10-2-2021','P');
INSERT INTO ATTENDANCE VALUES ('19CS10001',13,'11-2-2021','P');
INSERT INTO ATTENDANCE VALUES ('19CS10001',13,'12-2-2021','P');
INSERT INTO ATTENDANCE VALUES ('19CS10001',13,'13-2-2021','P');
INSERT INTO ATTENDANCE VALUES ('19CS10001',13,'14-2-2021','P');
INSERT INTO ATTENDANCE VALUES ('19CS10001',13,'15-2-2021','P');
INSERT INTO ATTENDANCE VALUES ('19CS10001',13,'16-2-2021','P');
INSERT INTO ATTENDANCE VALUES ('19CS10001',13,'20-2-2021','P');
INSERT INTO ATTENDANCE VALUES ('19CS10001',13,'21-2-2021','P');
INSERT INTO ATTENDANCE VALUES ('19CS10001',13,'22-2-2021','P');
INSERT INTO ATTENDANCE VALUES ('19CS10001',14,'10-2-2021','P');
INSERT INTO ATTENDANCE VALUES ('19CS10001',14,'11-2-2021','P');
INSERT INTO ATTENDANCE VALUES ('19CS10001',14,'12-2-2021','P');
INSERT INTO ATTENDANCE VALUES ('19CS10001',14,'13-2-2021','P');
INSERT INTO ATTENDANCE VALUES ('19CS10001',14,'14-2-2021','P');
INSERT INTO ATTENDANCE VALUES ('19CS10001',14,'15-2-2021','P');
INSERT INTO ATTENDANCE VALUES ('19CS10001',14,'16-2-2021','P');
INSERT INTO ATTENDANCE VALUES ('19CS10001',14,'20-2-2021','P');
INSERT INTO ATTENDANCE VALUES ('19CS10001',14,'21-2-2021','P');
INSERT INTO ATTENDANCE VALUES ('19CS10001',14,'22-2-2021','P');
INSERT INTO ATTENDANCE VALUES ('19CS10001',15,'10-2-2021','P');
INSERT INTO ATTENDANCE VALUES ('19CS10001',15,'11-2-2021','P');
INSERT INTO ATTENDANCE VALUES ('19CS10001',15,'12-2-2021','P');
INSERT INTO ATTENDANCE VALUES ('19CS10001',15,'13-2-2021','P');
INSERT INTO ATTENDANCE VALUES ('19CS10001',15,'14-2-2021','P');
INSERT INTO ATTENDANCE VALUES ('19CS10001',15,'15-2-2021','P');
INSERT INTO ATTENDANCE VALUES ('19CS10001',15,'16-2-2021','P');
INSERT INTO ATTENDANCE VALUES ('19CS10001',15,'20-2-2021','P');
INSERT INTO ATTENDANCE VALUES ('19CS10001',15,'21-2-2021','P');
INSERT INTO ATTENDANCE VALUES ('19CS10001',15,'22-2-2021','P');
INSERT INTO ATTENDANCE VALUES ('19CS10001',16,'10-2-2021','P');
INSERT INTO ATTENDANCE VALUES ('19CS10001',16,'11-2-2021','P');
INSERT INTO ATTENDANCE VALUES ('19CS10001',16,'12-2-2021','P');
INSERT INTO ATTENDANCE VALUES ('19CS10001',16,'13-2-2021','P');
INSERT INTO ATTENDANCE VALUES ('19CS10001',16,'14-2-2021','P');
INSERT INTO ATTENDANCE VALUES ('19CS10001',16,'16-2-2021','P');
INSERT INTO ATTENDANCE VALUES ('19CS10001',16,'20-2-2021','P');
INSERT INTO ATTENDANCE VALUES ('19CS10001',16,'21-2-2021','P');
INSERT INTO ATTENDANCE VALUES ('19CS10001',16,'22-2-2021','P');
INSERT INTO ATTENDANCE VALUES ('19CS10001',16,'23-2-2021','P');
INSERT INTO ATTENDANCE VALUES ('19CS10001',17,'10-8-2021','P');
INSERT INTO ATTENDANCE VALUES ('19CS10001',17,'11-8-2021','P');
INSERT INTO ATTENDANCE VALUES ('19CS10001',17,'12-8-2021','P');
INSERT INTO ATTENDANCE VALUES ('19CS10001',17,'13-8-2021','P');
INSERT INTO ATTENDANCE VALUES ('19CS10001',17,'14-8-2021','P');
INSERT INTO ATTENDANCE VALUES ('19CS10001',17,'15-8-2021','P');
INSERT INTO ATTENDANCE VALUES ('19CS10001',17,'16-8-2021','P');
INSERT INTO ATTENDANCE VALUES ('19CS10001',17,'20-8-2021','P');
INSERT INTO ATTENDANCE VALUES ('19CS10001',17,'21-8-2021','P');
INSERT INTO ATTENDANCE VALUES ('19CS10001',17,'22-8-2021','P');
INSERT INTO ATTENDANCE VALUES ('19CS10001',18,'10-8-2021','P');
INSERT INTO ATTENDANCE VALUES ('19CS10001',18,'11-8-2021','P');
INSERT INTO ATTENDANCE VALUES ('19CS10001',18,'12-8-2021','P');
INSERT INTO ATTENDANCE VALUES ('19CS10001',18,'13-8-2021','P');
INSERT INTO ATTENDANCE VALUES ('19CS10001',18,'14-8-2021','P');
INSERT INTO ATTENDANCE VALUES ('19CS10001',18,'15-8-2021','P');
INSERT INTO ATTENDANCE VALUES ('19CS10001',18,'16-8-2021','P');
INSERT INTO ATTENDANCE VALUES ('19CS10001',18,'20-8-2021','P');
INSERT INTO ATTENDANCE VALUES ('19CS10001',18,'21-8-2021','P');
INSERT INTO ATTENDANCE VALUES ('19CS10001',18,'22-8-2021','P');
INSERT INTO ATTENDANCE VALUES ('19CS10001',19,'10-8-2021','P');
INSERT INTO ATTENDANCE VALUES ('19CS10001',19,'11-8-2021','P');
INSERT INTO ATTENDANCE VALUES ('19CS10001',19,'12-8-2021','P');
INSERT INTO ATTENDANCE VALUES ('19CS10001',19,'13-8-2021','P');
INSERT INTO ATTENDANCE VALUES ('19CS10001',19,'14-8-2021','P');
INSERT INTO ATTENDANCE VALUES ('19CS10001',19,'15-8-2021','P');
INSERT INTO ATTENDANCE VALUES ('19CS10001',19,'16-8-2021','P');
INSERT INTO ATTENDANCE VALUES ('19CS10001',19,'20-8-2021','P');
INSERT INTO ATTENDANCE VALUES ('19CS10001',19,'21-8-2021','P');
INSERT INTO ATTENDANCE VALUES ('19CS10001',19,'22-8-2021','P');
INSERT INTO ATTENDANCE VALUES ('19CS10001',20,'10-8-2021','P');
INSERT INTO ATTENDANCE VALUES ('19CS10001',20,'11-8-2021','P');
INSERT INTO ATTENDANCE VALUES ('19CS10001',20,'12-8-2021','P');
INSERT INTO ATTENDANCE VALUES ('19CS10001',20,'13-8-2021','P');
INSERT INTO ATTENDANCE VALUES ('19CS10001',20,'14-8-2021','P');
INSERT INTO ATTENDANCE VALUES ('19CS10001',20,'16-8-2021','P');
INSERT INTO ATTENDANCE VALUES ('19CS10001',20,'20-8-2021','P');
INSERT INTO ATTENDANCE VALUES ('19CS10001',20,'21-8-2021','P');
INSERT INTO ATTENDANCE VALUES ('19CS10001',20,'22-8-2021','P');
INSERT INTO ATTENDANCE VALUES ('19CS10001',20,'23-8-2021','P');
INSERT INTO ATTENDANCE VALUES ('19CS10001',21,'10-2-2022','P');
INSERT INTO ATTENDANCE VALUES ('19CS10001',21,'11-2-2022','P');
INSERT INTO ATTENDANCE VALUES ('19CS10001',21,'12-2-2022','P');
INSERT INTO ATTENDANCE VALUES ('19CS10001',21,'13-2-2022','P');
INSERT INTO ATTENDANCE VALUES ('19CS10001',21,'14-2-2022','P');
INSERT INTO ATTENDANCE VALUES ('19CS10001',21,'15-2-2022','P');
INSERT INTO ATTENDANCE VALUES ('19CS10001',21,'16-2-2022','P');
INSERT INTO ATTENDANCE VALUES ('19CS10001',21,'20-2-2022','P');
INSERT INTO ATTENDANCE VALUES ('19CS10001',21,'21-2-2022','P');
INSERT INTO ATTENDANCE VALUES ('19CS10001',21,'22-2-2022','P');
INSERT INTO ATTENDANCE VALUES ('19CS10001',22,'10-2-2022','P');
INSERT INTO ATTENDANCE VALUES ('19CS10001',22,'11-2-2022','P');
INSERT INTO ATTENDANCE VALUES ('19CS10001',22,'12-2-2022','A');
INSERT INTO ATTENDANCE VALUES ('19CS10001',22,'13-2-2022','P');
INSERT INTO ATTENDANCE VALUES ('19CS10001',22,'14-2-2022','P');
INSERT INTO ATTENDANCE VALUES ('19CS10001',22,'15-2-2022','P');
INSERT INTO ATTENDANCE VALUES ('19CS10001',22,'16-2-2022','P');
INSERT INTO ATTENDANCE VALUES ('19CS10001',22,'20-2-2022','P');
INSERT INTO ATTENDANCE VALUES ('19CS10001',22,'21-2-2022','P');
INSERT INTO ATTENDANCE VALUES ('19CS10001',22,'22-2-2022','P');
INSERT INTO ATTENDANCE VALUES ('19CS10001',23,'10-2-2022','P');
INSERT INTO ATTENDANCE VALUES ('19CS10001',23,'11-2-2022','P');
INSERT INTO ATTENDANCE VALUES ('19CS10001',23,'12-2-2022','P');
INSERT INTO ATTENDANCE VALUES ('19CS10001',23,'13-2-2022','P');
INSERT INTO ATTENDANCE VALUES ('19CS10001',23,'14-2-2022','P');
INSERT INTO ATTENDANCE VALUES ('19CS10001',23,'15-2-2022','P');
INSERT INTO ATTENDANCE VALUES ('19CS10001',23,'16-2-2022','P');
INSERT INTO ATTENDANCE VALUES ('19CS10001',23,'20-2-2022','P');
INSERT INTO ATTENDANCE VALUES ('19CS10001',23,'21-2-2022','P');
INSERT INTO ATTENDANCE VALUES ('19CS10001',23,'22-2-2022','P');
INSERT INTO ATTENDANCE VALUES ('19CS10001',24,'10-2-2022','P');
INSERT INTO ATTENDANCE VALUES ('19CS10001',24,'11-2-2022','P');
INSERT INTO ATTENDANCE VALUES ('19CS10001',24,'12-2-2022','P');
INSERT INTO ATTENDANCE VALUES ('19CS10001',24,'13-2-2022','P');
INSERT INTO ATTENDANCE VALUES ('19CS10001',24,'14-2-2022','P');
INSERT INTO ATTENDANCE VALUES ('19CS10001',24,'16-2-2022','P');
INSERT INTO ATTENDANCE VALUES ('19CS10001',24,'20-2-2022','P');
INSERT INTO ATTENDANCE VALUES ('19CS10001',24,'21-2-2022','P');
INSERT INTO ATTENDANCE VALUES ('19CS10001',24,'22-2-2022','A');
INSERT INTO ATTENDANCE VALUES ('19CS10001',24,'23-2-2022','P');
--SELECT COUNT(*) FROM attendance group by sroll;

INSERT INTO ATTENDANCE VALUES ('19CS10002',1,'10-8-2019','P');
INSERT INTO ATTENDANCE VALUES ('19CS10002',1,'11-8-2019','P');
INSERT INTO ATTENDANCE VALUES ('19CS10002',1,'12-8-2019','P');
INSERT INTO ATTENDANCE VALUES ('19CS10002',1,'13-8-2019','P');
INSERT INTO ATTENDANCE VALUES ('19CS10002',1,'14-8-2019','P');
INSERT INTO ATTENDANCE VALUES ('19CS10002',1,'15-8-2019','P');
INSERT INTO ATTENDANCE VALUES ('19CS10002',1,'16-8-2019','P');
INSERT INTO ATTENDANCE VALUES ('19CS10002',1,'20-8-2019','P');
INSERT INTO ATTENDANCE VALUES ('19CS10002',1,'21-8-2019','P');
INSERT INTO ATTENDANCE VALUES ('19CS10002',1,'22-8-2019','P');
INSERT INTO ATTENDANCE VALUES ('19CS10002',2,'10-8-2019','P');
INSERT INTO ATTENDANCE VALUES ('19CS10002',2,'11-8-2019','P');
INSERT INTO ATTENDANCE VALUES ('19CS10002',2,'12-8-2019','P');
INSERT INTO ATTENDANCE VALUES ('19CS10002',2,'13-8-2019','P');
INSERT INTO ATTENDANCE VALUES ('19CS10002',2,'14-8-2019','P');
INSERT INTO ATTENDANCE VALUES ('19CS10002',2,'15-8-2019','P');
INSERT INTO ATTENDANCE VALUES ('19CS10002',2,'16-8-2019','P');
INSERT INTO ATTENDANCE VALUES ('19CS10002',2,'20-8-2019','P');
INSERT INTO ATTENDANCE VALUES ('19CS10002',2,'21-8-2019','P');
INSERT INTO ATTENDANCE VALUES ('19CS10002',2,'22-8-2019','P');
INSERT INTO ATTENDANCE VALUES ('19CS10002',3,'10-8-2019','P');
INSERT INTO ATTENDANCE VALUES ('19CS10002',3,'11-8-2019','P');
INSERT INTO ATTENDANCE VALUES ('19CS10002',3,'12-8-2019','P');
INSERT INTO ATTENDANCE VALUES ('19CS10002',3,'13-8-2019','P');
INSERT INTO ATTENDANCE VALUES ('19CS10002',3,'14-8-2019','P');
INSERT INTO ATTENDANCE VALUES ('19CS10002',3,'15-8-2019','P');
INSERT INTO ATTENDANCE VALUES ('19CS10002',3,'16-8-2019','P');
INSERT INTO ATTENDANCE VALUES ('19CS10002',3,'20-8-2019','P');
INSERT INTO ATTENDANCE VALUES ('19CS10002',3,'21-8-2019','P');
INSERT INTO ATTENDANCE VALUES ('19CS10002',3,'22-8-2019','P');
INSERT INTO ATTENDANCE VALUES ('19CS10002',4,'10-8-2019','P');
INSERT INTO ATTENDANCE VALUES ('19CS10002',4,'11-8-2019','P');
INSERT INTO ATTENDANCE VALUES ('19CS10002',4,'12-8-2019','P');
INSERT INTO ATTENDANCE VALUES ('19CS10002',4,'13-8-2019','P');
INSERT INTO ATTENDANCE VALUES ('19CS10002',4,'14-8-2019','P');
INSERT INTO ATTENDANCE VALUES ('19CS10002',4,'15-8-2019','P');
INSERT INTO ATTENDANCE VALUES ('19CS10002',4,'16-8-2019','P');
INSERT INTO ATTENDANCE VALUES ('19CS10002',4,'20-8-2019','P');
INSERT INTO ATTENDANCE VALUES ('19CS10002',4,'21-8-2019','P');
INSERT INTO ATTENDANCE VALUES ('19CS10002',4,'22-8-2019','P');
INSERT INTO ATTENDANCE VALUES ('19CS10002',5,'10-2-2020','P');
INSERT INTO ATTENDANCE VALUES ('19CS10002',5,'11-2-2020','P');
INSERT INTO ATTENDANCE VALUES ('19CS10002',5,'12-2-2020','P');
INSERT INTO ATTENDANCE VALUES ('19CS10002',5,'13-2-2020','P');
INSERT INTO ATTENDANCE VALUES ('19CS10002',5,'14-2-2020','P');
INSERT INTO ATTENDANCE VALUES ('19CS10002',5,'15-2-2020','P');
INSERT INTO ATTENDANCE VALUES ('19CS10002',5,'16-2-2020','P');
INSERT INTO ATTENDANCE VALUES ('19CS10002',5,'20-2-2020','P');
INSERT INTO ATTENDANCE VALUES ('19CS10002',5,'21-2-2020','P');
INSERT INTO ATTENDANCE VALUES ('19CS10002',5,'22-2-2020','P');
INSERT INTO ATTENDANCE VALUES ('19CS10002',6,'10-2-2020','P');
INSERT INTO ATTENDANCE VALUES ('19CS10002',6,'11-2-2020','P');
INSERT INTO ATTENDANCE VALUES ('19CS10002',6,'12-2-2020','P');
INSERT INTO ATTENDANCE VALUES ('19CS10002',6,'13-2-2020','P');
INSERT INTO ATTENDANCE VALUES ('19CS10002',6,'14-2-2020','P');
INSERT INTO ATTENDANCE VALUES ('19CS10002',6,'15-2-2020','P');
INSERT INTO ATTENDANCE VALUES ('19CS10002',6,'16-2-2020','P');
INSERT INTO ATTENDANCE VALUES ('19CS10002',6,'20-2-2020','P');
INSERT INTO ATTENDANCE VALUES ('19CS10002',6,'21-2-2020','P');
INSERT INTO ATTENDANCE VALUES ('19CS10002',6,'22-2-2020','P');
INSERT INTO ATTENDANCE VALUES ('19CS10002',7,'10-2-2020','P');
INSERT INTO ATTENDANCE VALUES ('19CS10002',7,'11-2-2020','P');
INSERT INTO ATTENDANCE VALUES ('19CS10002',7,'12-2-2020','P');
INSERT INTO ATTENDANCE VALUES ('19CS10002',7,'13-2-2020','P');
INSERT INTO ATTENDANCE VALUES ('19CS10002',7,'14-2-2020','P');
INSERT INTO ATTENDANCE VALUES ('19CS10002',7,'15-2-2020','P');
INSERT INTO ATTENDANCE VALUES ('19CS10002',7,'16-2-2020','P');
INSERT INTO ATTENDANCE VALUES ('19CS10002',7,'20-2-2020','P');
INSERT INTO ATTENDANCE VALUES ('19CS10002',7,'21-2-2020','P');
INSERT INTO ATTENDANCE VALUES ('19CS10002',7,'22-2-2020','P');
INSERT INTO ATTENDANCE VALUES ('19CS10002',8,'10-2-2020','P');
INSERT INTO ATTENDANCE VALUES ('19CS10002',8,'11-2-2020','P');
INSERT INTO ATTENDANCE VALUES ('19CS10002',8,'12-2-2020','P');
INSERT INTO ATTENDANCE VALUES ('19CS10002',8,'13-2-2020','P');
INSERT INTO ATTENDANCE VALUES ('19CS10002',8,'14-2-2020','P');
INSERT INTO ATTENDANCE VALUES ('19CS10002',8,'16-2-2020','P');
INSERT INTO ATTENDANCE VALUES ('19CS10002',8,'20-2-2020','P');
INSERT INTO ATTENDANCE VALUES ('19CS10002',8,'21-2-2020','P');
INSERT INTO ATTENDANCE VALUES ('19CS10002',8,'22-2-2020','P');
INSERT INTO ATTENDANCE VALUES ('19CS10002',8,'10-2-2020','P');
INSERT INTO ATTENDANCE VALUES ('19CS10002',9,'10-8-2020','P');
INSERT INTO ATTENDANCE VALUES ('19CS10002',9,'11-8-2020','P');
INSERT INTO ATTENDANCE VALUES ('19CS10002',9,'12-8-2020','P');
INSERT INTO ATTENDANCE VALUES ('19CS10002',9,'13-8-2020','P');
INSERT INTO ATTENDANCE VALUES ('19CS10002',9,'14-8-2020','P');
INSERT INTO ATTENDANCE VALUES ('19CS10002',9,'15-8-2020','P');
INSERT INTO ATTENDANCE VALUES ('19CS10002',9,'16-8-2020','P');
INSERT INTO ATTENDANCE VALUES ('19CS10002',9,'20-8-2020','P');
INSERT INTO ATTENDANCE VALUES ('19CS10002',9,'21-8-2020','P');
INSERT INTO ATTENDANCE VALUES ('19CS10002',9,'22-8-2020','P');
INSERT INTO ATTENDANCE VALUES ('19CS10002',10,'10-8-2020','P');
INSERT INTO ATTENDANCE VALUES ('19CS10002',10,'11-8-2020','P');
INSERT INTO ATTENDANCE VALUES ('19CS10002',10,'12-8-2020','P');
INSERT INTO ATTENDANCE VALUES ('19CS10002',10,'13-8-2020','P');
INSERT INTO ATTENDANCE VALUES ('19CS10002',10,'14-8-2020','P');
INSERT INTO ATTENDANCE VALUES ('19CS10002',10,'15-8-2020','P');
INSERT INTO ATTENDANCE VALUES ('19CS10002',10,'16-8-2020','P');
INSERT INTO ATTENDANCE VALUES ('19CS10002',10,'20-8-2020','P');
INSERT INTO ATTENDANCE VALUES ('19CS10002',10,'21-8-2020','P');
INSERT INTO ATTENDANCE VALUES ('19CS10002',10,'22-8-2020','P');
INSERT INTO ATTENDANCE VALUES ('19CS10002',11,'10-8-2020','P');
INSERT INTO ATTENDANCE VALUES ('19CS10002',11,'11-8-2020','P');
INSERT INTO ATTENDANCE VALUES ('19CS10002',11,'12-8-2020','P');
INSERT INTO ATTENDANCE VALUES ('19CS10002',11,'13-8-2020','P');
INSERT INTO ATTENDANCE VALUES ('19CS10002',11,'14-8-2020','P');
INSERT INTO ATTENDANCE VALUES ('19CS10002',11,'15-8-2020','P');
INSERT INTO ATTENDANCE VALUES ('19CS10002',11,'16-8-2020','P');
INSERT INTO ATTENDANCE VALUES ('19CS10002',11,'20-8-2020','P');
INSERT INTO ATTENDANCE VALUES ('19CS10002',11,'21-8-2020','P');
INSERT INTO ATTENDANCE VALUES ('19CS10002',11,'22-8-2020','P');
INSERT INTO ATTENDANCE VALUES ('19CS10002',12,'10-8-2020','P');
INSERT INTO ATTENDANCE VALUES ('19CS10002',12,'11-8-2020','P');
INSERT INTO ATTENDANCE VALUES ('19CS10002',12,'12-8-2020','P');
INSERT INTO ATTENDANCE VALUES ('19CS10002',12,'13-8-2020','P');
INSERT INTO ATTENDANCE VALUES ('19CS10002',12,'14-8-2020','P');
INSERT INTO ATTENDANCE VALUES ('19CS10002',12,'16-8-2020','P');
INSERT INTO ATTENDANCE VALUES ('19CS10002',12,'20-8-2020','P');
INSERT INTO ATTENDANCE VALUES ('19CS10002',12,'21-8-2020','P');
INSERT INTO ATTENDANCE VALUES ('19CS10002',12,'22-8-2020','P');
INSERT INTO ATTENDANCE VALUES ('19CS10002',12,'10-8-2020','P');
INSERT INTO ATTENDANCE VALUES ('19CS10002',13,'10-2-2021','P');
INSERT INTO ATTENDANCE VALUES ('19CS10002',13,'11-2-2021','P');
INSERT INTO ATTENDANCE VALUES ('19CS10002',13,'12-2-2021','P');
INSERT INTO ATTENDANCE VALUES ('19CS10002',13,'13-2-2021','P');
INSERT INTO ATTENDANCE VALUES ('19CS10002',13,'14-2-2021','P');
INSERT INTO ATTENDANCE VALUES ('19CS10002',13,'15-2-2021','P');
INSERT INTO ATTENDANCE VALUES ('19CS10002',13,'16-2-2021','P');
INSERT INTO ATTENDANCE VALUES ('19CS10002',13,'20-2-2021','P');
INSERT INTO ATTENDANCE VALUES ('19CS10002',13,'21-2-2021','P');
INSERT INTO ATTENDANCE VALUES ('19CS10002',13,'22-2-2021','P');
INSERT INTO ATTENDANCE VALUES ('19CS10002',14,'10-2-2021','P');
INSERT INTO ATTENDANCE VALUES ('19CS10002',14,'11-2-2021','P');
INSERT INTO ATTENDANCE VALUES ('19CS10002',14,'12-2-2021','P');
INSERT INTO ATTENDANCE VALUES ('19CS10002',14,'13-2-2021','P');
INSERT INTO ATTENDANCE VALUES ('19CS10002',14,'14-2-2021','P');
INSERT INTO ATTENDANCE VALUES ('19CS10002',14,'15-2-2021','P');
INSERT INTO ATTENDANCE VALUES ('19CS10002',14,'16-2-2021','P');
INSERT INTO ATTENDANCE VALUES ('19CS10002',14,'20-2-2021','P');
INSERT INTO ATTENDANCE VALUES ('19CS10002',14,'21-2-2021','P');
INSERT INTO ATTENDANCE VALUES ('19CS10002',14,'22-2-2021','P');
INSERT INTO ATTENDANCE VALUES ('19CS10002',15,'10-2-2021','P');
INSERT INTO ATTENDANCE VALUES ('19CS10002',15,'11-2-2021','P');
INSERT INTO ATTENDANCE VALUES ('19CS10002',15,'12-2-2021','P');
INSERT INTO ATTENDANCE VALUES ('19CS10002',15,'13-2-2021','P');
INSERT INTO ATTENDANCE VALUES ('19CS10002',15,'14-2-2021','P');
INSERT INTO ATTENDANCE VALUES ('19CS10002',15,'15-2-2021','P');
INSERT INTO ATTENDANCE VALUES ('19CS10002',15,'16-2-2021','P');
INSERT INTO ATTENDANCE VALUES ('19CS10002',15,'20-2-2021','P');
INSERT INTO ATTENDANCE VALUES ('19CS10002',15,'21-2-2021','P');
INSERT INTO ATTENDANCE VALUES ('19CS10002',15,'22-2-2021','P');
INSERT INTO ATTENDANCE VALUES ('19CS10002',16,'10-2-2021','P');
INSERT INTO ATTENDANCE VALUES ('19CS10002',16,'11-2-2021','P');
INSERT INTO ATTENDANCE VALUES ('19CS10002',16,'12-2-2021','P');
INSERT INTO ATTENDANCE VALUES ('19CS10002',16,'13-2-2021','P');
INSERT INTO ATTENDANCE VALUES ('19CS10002',16,'14-2-2021','P');
INSERT INTO ATTENDANCE VALUES ('19CS10002',16,'16-2-2021','P');
INSERT INTO ATTENDANCE VALUES ('19CS10002',16,'20-2-2021','P');
INSERT INTO ATTENDANCE VALUES ('19CS10002',16,'21-2-2021','P');
INSERT INTO ATTENDANCE VALUES ('19CS10002',16,'22-2-2021','P');
INSERT INTO ATTENDANCE VALUES ('19CS10002',16,'10-2-2021','P');
INSERT INTO ATTENDANCE VALUES ('19CS10002',17,'10-8-2021','P');
INSERT INTO ATTENDANCE VALUES ('19CS10002',17,'11-8-2021','P');
INSERT INTO ATTENDANCE VALUES ('19CS10002',17,'12-8-2021','P');
INSERT INTO ATTENDANCE VALUES ('19CS10002',17,'13-8-2021','P');
INSERT INTO ATTENDANCE VALUES ('19CS10002',17,'14-8-2021','P');
INSERT INTO ATTENDANCE VALUES ('19CS10002',17,'15-8-2021','P');
INSERT INTO ATTENDANCE VALUES ('19CS10002',17,'16-8-2021','P');
INSERT INTO ATTENDANCE VALUES ('19CS10002',17,'20-8-2021','P');
INSERT INTO ATTENDANCE VALUES ('19CS10002',17,'21-8-2021','P');
INSERT INTO ATTENDANCE VALUES ('19CS10002',17,'22-8-2021','P');
INSERT INTO ATTENDANCE VALUES ('19CS10002',18,'10-8-2021','P');
INSERT INTO ATTENDANCE VALUES ('19CS10002',18,'11-8-2021','P');
INSERT INTO ATTENDANCE VALUES ('19CS10002',18,'12-8-2021','P');
INSERT INTO ATTENDANCE VALUES ('19CS10002',18,'13-8-2021','P');
INSERT INTO ATTENDANCE VALUES ('19CS10002',18,'14-8-2021','P');
INSERT INTO ATTENDANCE VALUES ('19CS10002',18,'15-8-2021','P');
INSERT INTO ATTENDANCE VALUES ('19CS10002',18,'16-8-2021','P');
INSERT INTO ATTENDANCE VALUES ('19CS10002',18,'20-8-2021','P');
INSERT INTO ATTENDANCE VALUES ('19CS10002',18,'21-8-2021','P');
INSERT INTO ATTENDANCE VALUES ('19CS10002',18,'22-8-2021','P');
INSERT INTO ATTENDANCE VALUES ('19CS10002',19,'10-8-2021','P');
INSERT INTO ATTENDANCE VALUES ('19CS10002',19,'11-8-2021','P');
INSERT INTO ATTENDANCE VALUES ('19CS10002',19,'12-8-2021','P');
INSERT INTO ATTENDANCE VALUES ('19CS10002',19,'13-8-2021','P');
INSERT INTO ATTENDANCE VALUES ('19CS10002',19,'14-8-2021','P');
INSERT INTO ATTENDANCE VALUES ('19CS10002',19,'15-8-2021','P');
INSERT INTO ATTENDANCE VALUES ('19CS10002',19,'16-8-2021','P');
INSERT INTO ATTENDANCE VALUES ('19CS10002',19,'20-8-2021','P');
INSERT INTO ATTENDANCE VALUES ('19CS10002',19,'21-8-2021','P');
INSERT INTO ATTENDANCE VALUES ('19CS10002',19,'22-8-2021','P');
INSERT INTO ATTENDANCE VALUES ('19CS10002',20,'10-8-2021','P');
INSERT INTO ATTENDANCE VALUES ('19CS10002',20,'11-8-2021','P');
INSERT INTO ATTENDANCE VALUES ('19CS10002',20,'12-8-2021','P');
INSERT INTO ATTENDANCE VALUES ('19CS10002',20,'13-8-2021','P');
INSERT INTO ATTENDANCE VALUES ('19CS10002',20,'14-8-2021','P');
INSERT INTO ATTENDANCE VALUES ('19CS10002',20,'16-8-2021','P');
INSERT INTO ATTENDANCE VALUES ('19CS10002',20,'20-8-2021','P');
INSERT INTO ATTENDANCE VALUES ('19CS10002',20,'21-8-2021','P');
INSERT INTO ATTENDANCE VALUES ('19CS10002',20,'22-8-2021','P');
INSERT INTO ATTENDANCE VALUES ('19CS10002',20,'10-8-2021','P');
INSERT INTO ATTENDANCE VALUES ('19CS10002',21,'10-2-2022','P');
INSERT INTO ATTENDANCE VALUES ('19CS10002',21,'11-2-2022','P');
INSERT INTO ATTENDANCE VALUES ('19CS10002',21,'12-2-2022','P');
INSERT INTO ATTENDANCE VALUES ('19CS10002',21,'13-2-2022','P');
INSERT INTO ATTENDANCE VALUES ('19CS10002',21,'14-2-2022','P');
INSERT INTO ATTENDANCE VALUES ('19CS10002',21,'15-2-2022','P');
INSERT INTO ATTENDANCE VALUES ('19CS10002',21,'16-2-2022','P');
INSERT INTO ATTENDANCE VALUES ('19CS10002',21,'20-2-2022','P');
INSERT INTO ATTENDANCE VALUES ('19CS10002',21,'21-2-2022','P');
INSERT INTO ATTENDANCE VALUES ('19CS10002',21,'22-2-2022','P');
INSERT INTO ATTENDANCE VALUES ('19CS10002',22,'10-2-2022','P');
INSERT INTO ATTENDANCE VALUES ('19CS10002',22,'11-2-2022','P');
INSERT INTO ATTENDANCE VALUES ('19CS10002',22,'12-2-2022','P');
INSERT INTO ATTENDANCE VALUES ('19CS10002',22,'13-2-2022','P');
INSERT INTO ATTENDANCE VALUES ('19CS10002',22,'14-2-2022','P');
INSERT INTO ATTENDANCE VALUES ('19CS10002',22,'15-2-2022','P');
INSERT INTO ATTENDANCE VALUES ('19CS10002',22,'16-2-2022','P');
INSERT INTO ATTENDANCE VALUES ('19CS10002',22,'20-2-2022','P');
INSERT INTO ATTENDANCE VALUES ('19CS10002',22,'21-2-2022','P');
INSERT INTO ATTENDANCE VALUES ('19CS10002',22,'22-2-2022','P');
INSERT INTO ATTENDANCE VALUES ('19CS10002',23,'10-2-2022','P');
INSERT INTO ATTENDANCE VALUES ('19CS10002',23,'11-2-2022','P');
INSERT INTO ATTENDANCE VALUES ('19CS10002',23,'12-2-2022','P');
INSERT INTO ATTENDANCE VALUES ('19CS10002',23,'13-2-2022','P');
INSERT INTO ATTENDANCE VALUES ('19CS10002',23,'14-2-2022','P');
INSERT INTO ATTENDANCE VALUES ('19CS10002',23,'15-2-2022','P');
INSERT INTO ATTENDANCE VALUES ('19CS10002',23,'16-2-2022','P');
INSERT INTO ATTENDANCE VALUES ('19CS10002',23,'20-2-2022','P');
INSERT INTO ATTENDANCE VALUES ('19CS10002',23,'21-2-2022','P');
INSERT INTO ATTENDANCE VALUES ('19CS10002',23,'22-2-2022','P');
INSERT INTO ATTENDANCE VALUES ('19CS10002',24,'10-2-2022','P');
INSERT INTO ATTENDANCE VALUES ('19CS10002',24,'11-2-2022','P');
INSERT INTO ATTENDANCE VALUES ('19CS10002',24,'12-2-2022','P');
INSERT INTO ATTENDANCE VALUES ('19CS10002',24,'13-2-2022','P');
INSERT INTO ATTENDANCE VALUES ('19CS10002',24,'14-2-2022','P');
INSERT INTO ATTENDANCE VALUES ('19CS10002',24,'16-2-2022','P');
INSERT INTO ATTENDANCE VALUES ('19CS10002',24,'20-2-2022','P');
INSERT INTO ATTENDANCE VALUES ('19CS10002',24,'21-2-2022','P');
INSERT INTO ATTENDANCE VALUES ('19CS10002',24,'22-2-2022','P');
INSERT INTO ATTENDANCE VALUES ('19CS10002',24,'10-2-2022','P');
INSERT INTO ATTENDANCE VALUES ('19CS10003',1,'10-8-2019','P');
INSERT INTO ATTENDANCE VALUES ('19CS10003',1,'11-8-2019','P');
INSERT INTO ATTENDANCE VALUES ('19CS10003',1,'12-8-2019','P');
INSERT INTO ATTENDANCE VALUES ('19CS10003',1,'13-8-2019','P');
INSERT INTO ATTENDANCE VALUES ('19CS10003',1,'14-8-2019','P');
INSERT INTO ATTENDANCE VALUES ('19CS10003',1,'15-8-2019','P');
INSERT INTO ATTENDANCE VALUES ('19CS10003',1,'16-8-2019','P');
INSERT INTO ATTENDANCE VALUES ('19CS10003',1,'20-8-2019','P');
INSERT INTO ATTENDANCE VALUES ('19CS10003',1,'21-8-2019','P');
INSERT INTO ATTENDANCE VALUES ('19CS10003',1,'22-8-2019','P');
INSERT INTO ATTENDANCE VALUES ('19CS10003',2,'10-8-2019','P');
INSERT INTO ATTENDANCE VALUES ('19CS10003',2,'11-8-2019','P');
INSERT INTO ATTENDANCE VALUES ('19CS10003',2,'12-8-2019','P');
INSERT INTO ATTENDANCE VALUES ('19CS10003',2,'13-8-2019','P');
INSERT INTO ATTENDANCE VALUES ('19CS10003',2,'14-8-2019','P');
INSERT INTO ATTENDANCE VALUES ('19CS10003',2,'15-8-2019','P');
INSERT INTO ATTENDANCE VALUES ('19CS10003',2,'16-8-2019','P');
INSERT INTO ATTENDANCE VALUES ('19CS10003',2,'20-8-2019','P');
INSERT INTO ATTENDANCE VALUES ('19CS10003',2,'21-8-2019','P');
INSERT INTO ATTENDANCE VALUES ('19CS10003',2,'22-8-2019','P');
INSERT INTO ATTENDANCE VALUES ('19CS10003',3,'10-8-2019','P');
INSERT INTO ATTENDANCE VALUES ('19CS10003',3,'11-8-2019','P');
INSERT INTO ATTENDANCE VALUES ('19CS10003',3,'12-8-2019','P');
INSERT INTO ATTENDANCE VALUES ('19CS10003',3,'13-8-2019','P');
INSERT INTO ATTENDANCE VALUES ('19CS10003',3,'14-8-2019','P');
INSERT INTO ATTENDANCE VALUES ('19CS10003',3,'15-8-2019','P');
INSERT INTO ATTENDANCE VALUES ('19CS10003',3,'16-8-2019','P');
INSERT INTO ATTENDANCE VALUES ('19CS10003',3,'20-8-2019','P');
INSERT INTO ATTENDANCE VALUES ('19CS10003',3,'21-8-2019','P');
INSERT INTO ATTENDANCE VALUES ('19CS10003',3,'22-8-2019','P');
INSERT INTO ATTENDANCE VALUES ('19CS10003',4,'10-8-2019','P');
INSERT INTO ATTENDANCE VALUES ('19CS10003',4,'11-8-2019','P');
INSERT INTO ATTENDANCE VALUES ('19CS10003',4,'12-8-2019','P');
INSERT INTO ATTENDANCE VALUES ('19CS10003',4,'13-8-2019','P');
INSERT INTO ATTENDANCE VALUES ('19CS10003',4,'14-8-2019','P');
INSERT INTO ATTENDANCE VALUES ('19CS10003',4,'15-8-2019','P');
INSERT INTO ATTENDANCE VALUES ('19CS10003',4,'16-8-2019','P');
INSERT INTO ATTENDANCE VALUES ('19CS10003',4,'20-8-2019','P');
INSERT INTO ATTENDANCE VALUES ('19CS10003',4,'21-8-2019','P');
INSERT INTO ATTENDANCE VALUES ('19CS10003',4,'22-8-2019','P');
INSERT INTO ATTENDANCE VALUES ('19CS10003',5,'10-2-2020','P');
INSERT INTO ATTENDANCE VALUES ('19CS10003',5,'11-2-2020','P');
INSERT INTO ATTENDANCE VALUES ('19CS10003',5,'12-2-2020','P');
INSERT INTO ATTENDANCE VALUES ('19CS10003',5,'13-2-2020','P');
INSERT INTO ATTENDANCE VALUES ('19CS10003',5,'14-2-2020','P');
INSERT INTO ATTENDANCE VALUES ('19CS10003',5,'15-2-2020','P');
INSERT INTO ATTENDANCE VALUES ('19CS10003',5,'16-2-2020','P');
INSERT INTO ATTENDANCE VALUES ('19CS10003',5,'20-2-2020','P');
INSERT INTO ATTENDANCE VALUES ('19CS10003',5,'21-2-2020','P');
INSERT INTO ATTENDANCE VALUES ('19CS10003',5,'22-2-2020','P');
INSERT INTO ATTENDANCE VALUES ('19CS10003',6,'10-2-2020','P');
INSERT INTO ATTENDANCE VALUES ('19CS10003',6,'11-2-2020','P');
INSERT INTO ATTENDANCE VALUES ('19CS10003',6,'12-2-2020','P');
INSERT INTO ATTENDANCE VALUES ('19CS10003',6,'13-2-2020','P');
INSERT INTO ATTENDANCE VALUES ('19CS10003',6,'14-2-2020','P');
INSERT INTO ATTENDANCE VALUES ('19CS10003',6,'15-2-2020','P');
INSERT INTO ATTENDANCE VALUES ('19CS10003',6,'16-2-2020','P');
INSERT INTO ATTENDANCE VALUES ('19CS10003',6,'20-2-2020','P');
INSERT INTO ATTENDANCE VALUES ('19CS10003',6,'21-2-2020','P');
INSERT INTO ATTENDANCE VALUES ('19CS10003',6,'22-2-2020','P');
INSERT INTO ATTENDANCE VALUES ('19CS10003',7,'10-2-2020','P');
INSERT INTO ATTENDANCE VALUES ('19CS10003',7,'11-2-2020','P');
INSERT INTO ATTENDANCE VALUES ('19CS10003',7,'12-2-2020','P');
INSERT INTO ATTENDANCE VALUES ('19CS10003',7,'13-2-2020','P');
INSERT INTO ATTENDANCE VALUES ('19CS10003',7,'14-2-2020','P');
INSERT INTO ATTENDANCE VALUES ('19CS10003',7,'15-2-2020','P');
INSERT INTO ATTENDANCE VALUES ('19CS10003',7,'16-2-2020','P');
INSERT INTO ATTENDANCE VALUES ('19CS10003',7,'20-2-2020','P');
INSERT INTO ATTENDANCE VALUES ('19CS10003',7,'21-2-2020','P');
INSERT INTO ATTENDANCE VALUES ('19CS10003',7,'22-2-2020','P');
INSERT INTO ATTENDANCE VALUES ('19CS10003',8,'10-2-2020','P');
INSERT INTO ATTENDANCE VALUES ('19CS10003',8,'11-2-2020','P');
INSERT INTO ATTENDANCE VALUES ('19CS10003',8,'12-2-2020','P');
INSERT INTO ATTENDANCE VALUES ('19CS10003',8,'13-2-2020','P');
INSERT INTO ATTENDANCE VALUES ('19CS10003',8,'14-2-2020','P');
INSERT INTO ATTENDANCE VALUES ('19CS10003',8,'16-2-2020','P');
INSERT INTO ATTENDANCE VALUES ('19CS10003',8,'20-2-2020','P');
INSERT INTO ATTENDANCE VALUES ('19CS10003',8,'21-2-2020','P');
INSERT INTO ATTENDANCE VALUES ('19CS10003',8,'22-2-2020','P');
INSERT INTO ATTENDANCE VALUES ('19CS10003',8,'10-2-2020','P');
INSERT INTO ATTENDANCE VALUES ('19CS10003',9,'10-8-2020','P');
INSERT INTO ATTENDANCE VALUES ('19CS10003',9,'11-8-2020','P');
INSERT INTO ATTENDANCE VALUES ('19CS10003',9,'12-8-2020','P');
INSERT INTO ATTENDANCE VALUES ('19CS10003',9,'13-8-2020','P');
INSERT INTO ATTENDANCE VALUES ('19CS10003',9,'14-8-2020','P');
INSERT INTO ATTENDANCE VALUES ('19CS10003',9,'15-8-2020','P');
INSERT INTO ATTENDANCE VALUES ('19CS10003',9,'16-8-2020','P');
INSERT INTO ATTENDANCE VALUES ('19CS10003',9,'20-8-2020','P');
INSERT INTO ATTENDANCE VALUES ('19CS10003',9,'21-8-2020','P');
INSERT INTO ATTENDANCE VALUES ('19CS10003',9,'22-8-2020','P');
INSERT INTO ATTENDANCE VALUES ('19CS10003',10,'10-8-2020','P');
INSERT INTO ATTENDANCE VALUES ('19CS10003',10,'11-8-2020','P');
INSERT INTO ATTENDANCE VALUES ('19CS10003',10,'12-8-2020','P');
INSERT INTO ATTENDANCE VALUES ('19CS10003',10,'13-8-2020','P');
INSERT INTO ATTENDANCE VALUES ('19CS10003',10,'14-8-2020','P');
INSERT INTO ATTENDANCE VALUES ('19CS10003',10,'15-8-2020','P');
INSERT INTO ATTENDANCE VALUES ('19CS10003',10,'16-8-2020','P');
INSERT INTO ATTENDANCE VALUES ('19CS10003',10,'20-8-2020','P');
INSERT INTO ATTENDANCE VALUES ('19CS10003',10,'21-8-2020','P');
INSERT INTO ATTENDANCE VALUES ('19CS10003',10,'22-8-2020','P');
INSERT INTO ATTENDANCE VALUES ('19CS10003',11,'10-8-2020','P');
INSERT INTO ATTENDANCE VALUES ('19CS10003',11,'11-8-2020','P');
INSERT INTO ATTENDANCE VALUES ('19CS10003',11,'12-8-2020','P');
INSERT INTO ATTENDANCE VALUES ('19CS10003',11,'13-8-2020','P');
INSERT INTO ATTENDANCE VALUES ('19CS10003',11,'14-8-2020','P');
INSERT INTO ATTENDANCE VALUES ('19CS10003',11,'15-8-2020','P');
INSERT INTO ATTENDANCE VALUES ('19CS10003',11,'16-8-2020','P');
INSERT INTO ATTENDANCE VALUES ('19CS10003',11,'20-8-2020','P');
INSERT INTO ATTENDANCE VALUES ('19CS10003',11,'21-8-2020','P');
INSERT INTO ATTENDANCE VALUES ('19CS10003',11,'22-8-2020','P');
INSERT INTO ATTENDANCE VALUES ('19CS10003',12,'10-8-2020','P');
INSERT INTO ATTENDANCE VALUES ('19CS10003',12,'11-8-2020','P');
INSERT INTO ATTENDANCE VALUES ('19CS10003',12,'12-8-2020','P');
INSERT INTO ATTENDANCE VALUES ('19CS10003',12,'13-8-2020','P');
INSERT INTO ATTENDANCE VALUES ('19CS10003',12,'14-8-2020','P');
INSERT INTO ATTENDANCE VALUES ('19CS10003',12,'16-8-2020','P');
INSERT INTO ATTENDANCE VALUES ('19CS10003',12,'20-8-2020','P');
INSERT INTO ATTENDANCE VALUES ('19CS10003',12,'21-8-2020','P');
INSERT INTO ATTENDANCE VALUES ('19CS10003',12,'22-8-2020','P');
INSERT INTO ATTENDANCE VALUES ('19CS10003',12,'10-8-2020','P');
INSERT INTO ATTENDANCE VALUES ('19CS10003',13,'10-2-2021','P');
INSERT INTO ATTENDANCE VALUES ('19CS10003',13,'11-2-2021','P');
INSERT INTO ATTENDANCE VALUES ('19CS10003',13,'12-2-2021','P');
INSERT INTO ATTENDANCE VALUES ('19CS10003',13,'13-2-2021','P');
INSERT INTO ATTENDANCE VALUES ('19CS10003',13,'14-2-2021','P');
INSERT INTO ATTENDANCE VALUES ('19CS10003',13,'15-2-2021','P');
INSERT INTO ATTENDANCE VALUES ('19CS10003',13,'16-2-2021','P');
INSERT INTO ATTENDANCE VALUES ('19CS10003',13,'20-2-2021','P');
INSERT INTO ATTENDANCE VALUES ('19CS10003',13,'21-2-2021','P');
INSERT INTO ATTENDANCE VALUES ('19CS10003',13,'22-2-2021','P');
INSERT INTO ATTENDANCE VALUES ('19CS10003',14,'10-2-2021','P');
INSERT INTO ATTENDANCE VALUES ('19CS10003',14,'11-2-2021','P');
INSERT INTO ATTENDANCE VALUES ('19CS10003',14,'12-2-2021','P');
INSERT INTO ATTENDANCE VALUES ('19CS10003',14,'13-2-2021','P');
INSERT INTO ATTENDANCE VALUES ('19CS10003',14,'14-2-2021','P');
INSERT INTO ATTENDANCE VALUES ('19CS10003',14,'15-2-2021','P');
INSERT INTO ATTENDANCE VALUES ('19CS10003',14,'16-2-2021','P');
INSERT INTO ATTENDANCE VALUES ('19CS10003',14,'20-2-2021','P');
INSERT INTO ATTENDANCE VALUES ('19CS10003',14,'21-2-2021','P');
INSERT INTO ATTENDANCE VALUES ('19CS10003',14,'22-2-2021','P');
INSERT INTO ATTENDANCE VALUES ('19CS10003',15,'10-2-2021','P');
INSERT INTO ATTENDANCE VALUES ('19CS10003',15,'11-2-2021','P');
INSERT INTO ATTENDANCE VALUES ('19CS10003',15,'12-2-2021','P');
INSERT INTO ATTENDANCE VALUES ('19CS10003',15,'13-2-2021','P');
INSERT INTO ATTENDANCE VALUES ('19CS10003',15,'14-2-2021','P');
INSERT INTO ATTENDANCE VALUES ('19CS10003',15,'15-2-2021','P');
INSERT INTO ATTENDANCE VALUES ('19CS10003',15,'16-2-2021','P');
INSERT INTO ATTENDANCE VALUES ('19CS10003',15,'20-2-2021','P');
INSERT INTO ATTENDANCE VALUES ('19CS10003',15,'21-2-2021','P');
INSERT INTO ATTENDANCE VALUES ('19CS10003',15,'22-2-2021','P');
INSERT INTO ATTENDANCE VALUES ('19CS10003',16,'10-2-2021','P');
INSERT INTO ATTENDANCE VALUES ('19CS10003',16,'11-2-2021','P');
INSERT INTO ATTENDANCE VALUES ('19CS10003',16,'12-2-2021','P');
INSERT INTO ATTENDANCE VALUES ('19CS10003',16,'13-2-2021','P');
INSERT INTO ATTENDANCE VALUES ('19CS10003',16,'14-2-2021','P');
INSERT INTO ATTENDANCE VALUES ('19CS10003',16,'16-2-2021','P');
INSERT INTO ATTENDANCE VALUES ('19CS10003',16,'20-2-2021','P');
INSERT INTO ATTENDANCE VALUES ('19CS10003',16,'21-2-2021','P');
INSERT INTO ATTENDANCE VALUES ('19CS10003',16,'22-2-2021','P');
INSERT INTO ATTENDANCE VALUES ('19CS10003',16,'10-2-2021','P');
INSERT INTO ATTENDANCE VALUES ('19CS10003',17,'10-8-2021','P');
INSERT INTO ATTENDANCE VALUES ('19CS10003',17,'11-8-2021','P');
INSERT INTO ATTENDANCE VALUES ('19CS10003',17,'12-8-2021','P');
INSERT INTO ATTENDANCE VALUES ('19CS10003',17,'13-8-2021','P');
INSERT INTO ATTENDANCE VALUES ('19CS10003',17,'14-8-2021','P');
INSERT INTO ATTENDANCE VALUES ('19CS10003',17,'15-8-2021','P');
INSERT INTO ATTENDANCE VALUES ('19CS10003',17,'16-8-2021','P');
INSERT INTO ATTENDANCE VALUES ('19CS10003',17,'20-8-2021','P');
INSERT INTO ATTENDANCE VALUES ('19CS10003',17,'21-8-2021','P');
INSERT INTO ATTENDANCE VALUES ('19CS10003',17,'22-8-2021','P');
INSERT INTO ATTENDANCE VALUES ('19CS10003',18,'10-8-2021','P');
INSERT INTO ATTENDANCE VALUES ('19CS10003',18,'11-8-2021','P');
INSERT INTO ATTENDANCE VALUES ('19CS10003',18,'12-8-2021','P');
INSERT INTO ATTENDANCE VALUES ('19CS10003',18,'13-8-2021','P');
INSERT INTO ATTENDANCE VALUES ('19CS10003',18,'14-8-2021','P');
INSERT INTO ATTENDANCE VALUES ('19CS10003',18,'15-8-2021','P');
INSERT INTO ATTENDANCE VALUES ('19CS10003',18,'16-8-2021','P');
INSERT INTO ATTENDANCE VALUES ('19CS10003',18,'20-8-2021','P');
INSERT INTO ATTENDANCE VALUES ('19CS10003',18,'21-8-2021','P');
INSERT INTO ATTENDANCE VALUES ('19CS10003',18,'22-8-2021','P');
INSERT INTO ATTENDANCE VALUES ('19CS10003',19,'10-8-2021','P');
INSERT INTO ATTENDANCE VALUES ('19CS10003',19,'11-8-2021','P');
INSERT INTO ATTENDANCE VALUES ('19CS10003',19,'12-8-2021','P');
INSERT INTO ATTENDANCE VALUES ('19CS10003',19,'13-8-2021','P');
INSERT INTO ATTENDANCE VALUES ('19CS10003',19,'14-8-2021','P');
INSERT INTO ATTENDANCE VALUES ('19CS10003',19,'15-8-2021','P');
INSERT INTO ATTENDANCE VALUES ('19CS10003',19,'16-8-2021','P');
INSERT INTO ATTENDANCE VALUES ('19CS10003',19,'20-8-2021','P');
INSERT INTO ATTENDANCE VALUES ('19CS10003',19,'21-8-2021','P');
INSERT INTO ATTENDANCE VALUES ('19CS10003',19,'22-8-2021','P');
INSERT INTO ATTENDANCE VALUES ('19CS10003',20,'10-8-2021','P');
INSERT INTO ATTENDANCE VALUES ('19CS10003',20,'11-8-2021','P');
INSERT INTO ATTENDANCE VALUES ('19CS10003',20,'12-8-2021','P');
INSERT INTO ATTENDANCE VALUES ('19CS10003',20,'13-8-2021','P');
INSERT INTO ATTENDANCE VALUES ('19CS10003',20,'14-8-2021','P');
INSERT INTO ATTENDANCE VALUES ('19CS10003',20,'16-8-2021','P');
INSERT INTO ATTENDANCE VALUES ('19CS10003',20,'20-8-2021','P');
INSERT INTO ATTENDANCE VALUES ('19CS10003',20,'21-8-2021','P');
INSERT INTO ATTENDANCE VALUES ('19CS10003',20,'22-8-2021','P');
INSERT INTO ATTENDANCE VALUES ('19CS10003',20,'10-8-2021','P');
INSERT INTO ATTENDANCE VALUES ('19CS10003',21,'10-2-2022','P');
INSERT INTO ATTENDANCE VALUES ('19CS10003',21,'11-2-2022','P');
INSERT INTO ATTENDANCE VALUES ('19CS10003',21,'12-2-2022','P');
INSERT INTO ATTENDANCE VALUES ('19CS10003',21,'13-2-2022','P');
INSERT INTO ATTENDANCE VALUES ('19CS10003',21,'14-2-2022','P');
INSERT INTO ATTENDANCE VALUES ('19CS10003',21,'15-2-2022','P');
INSERT INTO ATTENDANCE VALUES ('19CS10003',21,'16-2-2022','P');
INSERT INTO ATTENDANCE VALUES ('19CS10003',21,'20-2-2022','P');
INSERT INTO ATTENDANCE VALUES ('19CS10003',21,'21-2-2022','P');
INSERT INTO ATTENDANCE VALUES ('19CS10003',21,'22-2-2022','P');
INSERT INTO ATTENDANCE VALUES ('19CS10003',22,'10-2-2022','P');
INSERT INTO ATTENDANCE VALUES ('19CS10003',22,'11-2-2022','P');
INSERT INTO ATTENDANCE VALUES ('19CS10003',22,'12-2-2022','P');
INSERT INTO ATTENDANCE VALUES ('19CS10003',22,'13-2-2022','P');
INSERT INTO ATTENDANCE VALUES ('19CS10003',22,'14-2-2022','P');
INSERT INTO ATTENDANCE VALUES ('19CS10003',22,'15-2-2022','P');
INSERT INTO ATTENDANCE VALUES ('19CS10003',22,'16-2-2022','P');
INSERT INTO ATTENDANCE VALUES ('19CS10003',22,'20-2-2022','P');
INSERT INTO ATTENDANCE VALUES ('19CS10003',22,'21-2-2022','P');
INSERT INTO ATTENDANCE VALUES ('19CS10003',22,'22-2-2022','P');
INSERT INTO ATTENDANCE VALUES ('19CS10003',23,'10-2-2022','P');
INSERT INTO ATTENDANCE VALUES ('19CS10003',23,'11-2-2022','P');
INSERT INTO ATTENDANCE VALUES ('19CS10003',23,'12-2-2022','P');
INSERT INTO ATTENDANCE VALUES ('19CS10003',23,'13-2-2022','P');
INSERT INTO ATTENDANCE VALUES ('19CS10003',23,'14-2-2022','P');
INSERT INTO ATTENDANCE VALUES ('19CS10003',23,'15-2-2022','P');
INSERT INTO ATTENDANCE VALUES ('19CS10003',23,'16-2-2022','P');
INSERT INTO ATTENDANCE VALUES ('19CS10003',23,'20-2-2022','P');
INSERT INTO ATTENDANCE VALUES ('19CS10003',23,'21-2-2022','P');
INSERT INTO ATTENDANCE VALUES ('19CS10003',23,'22-2-2022','P');
INSERT INTO ATTENDANCE VALUES ('19CS10003',24,'10-2-2022','P');
INSERT INTO ATTENDANCE VALUES ('19CS10003',24,'11-2-2022','P');
INSERT INTO ATTENDANCE VALUES ('19CS10003',24,'12-2-2022','P');
INSERT INTO ATTENDANCE VALUES ('19CS10003',24,'13-2-2022','P');
INSERT INTO ATTENDANCE VALUES ('19CS10003',24,'14-2-2022','P');
INSERT INTO ATTENDANCE VALUES ('19CS10003',24,'16-2-2022','P');
INSERT INTO ATTENDANCE VALUES ('19CS10003',24,'20-2-2022','P');
INSERT INTO ATTENDANCE VALUES ('19CS10003',24,'21-2-2022','P');
INSERT INTO ATTENDANCE VALUES ('19CS10003',24,'22-2-2022','P');
INSERT INTO ATTENDANCE VALUES ('19CS10003',24,'10-2-2022','P');
INSERT INTO ATTENDANCE VALUES ('19CS10004',1,'10-8-2019','P');
INSERT INTO ATTENDANCE VALUES ('19CS10004',1,'11-8-2019','P');
INSERT INTO ATTENDANCE VALUES ('19CS10004',1,'12-8-2019','P');
INSERT INTO ATTENDANCE VALUES ('19CS10004',1,'13-8-2019','P');
INSERT INTO ATTENDANCE VALUES ('19CS10004',1,'14-8-2019','P');
INSERT INTO ATTENDANCE VALUES ('19CS10004',1,'15-8-2019','P');
INSERT INTO ATTENDANCE VALUES ('19CS10004',1,'16-8-2019','P');
INSERT INTO ATTENDANCE VALUES ('19CS10004',1,'20-8-2019','P');
INSERT INTO ATTENDANCE VALUES ('19CS10004',1,'21-8-2019','P');
INSERT INTO ATTENDANCE VALUES ('19CS10004',1,'22-8-2019','P');
INSERT INTO ATTENDANCE VALUES ('19CS10004',2,'10-8-2019','P');
INSERT INTO ATTENDANCE VALUES ('19CS10004',2,'11-8-2019','P');
INSERT INTO ATTENDANCE VALUES ('19CS10004',2,'12-8-2019','P');
INSERT INTO ATTENDANCE VALUES ('19CS10004',2,'13-8-2019','P');
INSERT INTO ATTENDANCE VALUES ('19CS10004',2,'14-8-2019','P');
INSERT INTO ATTENDANCE VALUES ('19CS10004',2,'15-8-2019','P');
INSERT INTO ATTENDANCE VALUES ('19CS10004',2,'16-8-2019','P');
INSERT INTO ATTENDANCE VALUES ('19CS10004',2,'20-8-2019','P');
INSERT INTO ATTENDANCE VALUES ('19CS10004',2,'21-8-2019','P');
INSERT INTO ATTENDANCE VALUES ('19CS10004',2,'22-8-2019','P');
INSERT INTO ATTENDANCE VALUES ('19CS10004',3,'10-8-2019','P');
INSERT INTO ATTENDANCE VALUES ('19CS10004',3,'11-8-2019','P');
INSERT INTO ATTENDANCE VALUES ('19CS10004',3,'12-8-2019','P');
INSERT INTO ATTENDANCE VALUES ('19CS10004',3,'13-8-2019','P');
INSERT INTO ATTENDANCE VALUES ('19CS10004',3,'14-8-2019','P');
INSERT INTO ATTENDANCE VALUES ('19CS10004',3,'15-8-2019','P');
INSERT INTO ATTENDANCE VALUES ('19CS10004',3,'16-8-2019','P');
INSERT INTO ATTENDANCE VALUES ('19CS10004',3,'20-8-2019','P');
INSERT INTO ATTENDANCE VALUES ('19CS10004',3,'21-8-2019','P');
INSERT INTO ATTENDANCE VALUES ('19CS10004',3,'22-8-2019','P');
INSERT INTO ATTENDANCE VALUES ('19CS10004',4,'10-8-2019','P');
INSERT INTO ATTENDANCE VALUES ('19CS10004',4,'11-8-2019','P');
INSERT INTO ATTENDANCE VALUES ('19CS10004',4,'12-8-2019','P');
INSERT INTO ATTENDANCE VALUES ('19CS10004',4,'13-8-2019','P');
INSERT INTO ATTENDANCE VALUES ('19CS10004',4,'14-8-2019','P');
INSERT INTO ATTENDANCE VALUES ('19CS10004',4,'15-8-2019','P');
INSERT INTO ATTENDANCE VALUES ('19CS10004',4,'16-8-2019','P');
INSERT INTO ATTENDANCE VALUES ('19CS10004',4,'20-8-2019','P');
INSERT INTO ATTENDANCE VALUES ('19CS10004',4,'21-8-2019','P');
INSERT INTO ATTENDANCE VALUES ('19CS10004',4,'22-8-2019','P');
INSERT INTO ATTENDANCE VALUES ('19CS10004',5,'10-2-2020','P');
INSERT INTO ATTENDANCE VALUES ('19CS10004',5,'11-2-2020','P');
INSERT INTO ATTENDANCE VALUES ('19CS10004',5,'12-2-2020','P');
INSERT INTO ATTENDANCE VALUES ('19CS10004',5,'13-2-2020','P');
INSERT INTO ATTENDANCE VALUES ('19CS10004',5,'14-2-2020','P');
INSERT INTO ATTENDANCE VALUES ('19CS10004',5,'15-2-2020','P');
INSERT INTO ATTENDANCE VALUES ('19CS10004',5,'16-2-2020','P');
INSERT INTO ATTENDANCE VALUES ('19CS10004',5,'20-2-2020','P');
INSERT INTO ATTENDANCE VALUES ('19CS10004',5,'21-2-2020','P');
INSERT INTO ATTENDANCE VALUES ('19CS10004',5,'22-2-2020','P');
INSERT INTO ATTENDANCE VALUES ('19CS10004',6,'10-2-2020','P');
INSERT INTO ATTENDANCE VALUES ('19CS10004',6,'11-2-2020','P');
INSERT INTO ATTENDANCE VALUES ('19CS10004',6,'12-2-2020','P');
INSERT INTO ATTENDANCE VALUES ('19CS10004',6,'13-2-2020','P');
INSERT INTO ATTENDANCE VALUES ('19CS10004',6,'14-2-2020','P');
INSERT INTO ATTENDANCE VALUES ('19CS10004',6,'15-2-2020','P');
INSERT INTO ATTENDANCE VALUES ('19CS10004',6,'16-2-2020','P');
INSERT INTO ATTENDANCE VALUES ('19CS10004',6,'20-2-2020','P');
INSERT INTO ATTENDANCE VALUES ('19CS10004',6,'21-2-2020','P');
INSERT INTO ATTENDANCE VALUES ('19CS10004',6,'22-2-2020','P');
INSERT INTO ATTENDANCE VALUES ('19CS10004',7,'10-2-2020','P');
INSERT INTO ATTENDANCE VALUES ('19CS10004',7,'11-2-2020','P');
INSERT INTO ATTENDANCE VALUES ('19CS10004',7,'12-2-2020','P');
INSERT INTO ATTENDANCE VALUES ('19CS10004',7,'13-2-2020','P');
INSERT INTO ATTENDANCE VALUES ('19CS10004',7,'14-2-2020','P');
INSERT INTO ATTENDANCE VALUES ('19CS10004',7,'15-2-2020','P');
INSERT INTO ATTENDANCE VALUES ('19CS10004',7,'16-2-2020','P');
INSERT INTO ATTENDANCE VALUES ('19CS10004',7,'20-2-2020','P');
INSERT INTO ATTENDANCE VALUES ('19CS10004',7,'21-2-2020','P');
INSERT INTO ATTENDANCE VALUES ('19CS10004',7,'22-2-2020','P');
INSERT INTO ATTENDANCE VALUES ('19CS10004',8,'10-2-2020','P');
INSERT INTO ATTENDANCE VALUES ('19CS10004',8,'11-2-2020','P');
INSERT INTO ATTENDANCE VALUES ('19CS10004',8,'12-2-2020','P');
INSERT INTO ATTENDANCE VALUES ('19CS10004',8,'13-2-2020','P');
INSERT INTO ATTENDANCE VALUES ('19CS10004',8,'14-2-2020','P');
INSERT INTO ATTENDANCE VALUES ('19CS10004',8,'16-2-2020','P');
INSERT INTO ATTENDANCE VALUES ('19CS10004',8,'20-2-2020','P');
INSERT INTO ATTENDANCE VALUES ('19CS10004',8,'21-2-2020','P');
INSERT INTO ATTENDANCE VALUES ('19CS10004',8,'22-2-2020','P');
INSERT INTO ATTENDANCE VALUES ('19CS10004',8,'10-2-2020','P');
INSERT INTO ATTENDANCE VALUES ('19CS10004',9,'10-8-2020','P');
INSERT INTO ATTENDANCE VALUES ('19CS10004',9,'11-8-2020','P');
INSERT INTO ATTENDANCE VALUES ('19CS10004',9,'12-8-2020','P');
INSERT INTO ATTENDANCE VALUES ('19CS10004',9,'13-8-2020','P');
INSERT INTO ATTENDANCE VALUES ('19CS10004',9,'14-8-2020','P');
INSERT INTO ATTENDANCE VALUES ('19CS10004',9,'15-8-2020','P');
INSERT INTO ATTENDANCE VALUES ('19CS10004',9,'16-8-2020','P');
INSERT INTO ATTENDANCE VALUES ('19CS10004',9,'20-8-2020','P');
INSERT INTO ATTENDANCE VALUES ('19CS10004',9,'21-8-2020','P');
INSERT INTO ATTENDANCE VALUES ('19CS10004',9,'22-8-2020','P');
INSERT INTO ATTENDANCE VALUES ('19CS10004',10,'10-8-2020','P');
INSERT INTO ATTENDANCE VALUES ('19CS10004',10,'11-8-2020','P');
INSERT INTO ATTENDANCE VALUES ('19CS10004',10,'12-8-2020','P');
INSERT INTO ATTENDANCE VALUES ('19CS10004',10,'13-8-2020','P');
INSERT INTO ATTENDANCE VALUES ('19CS10004',10,'14-8-2020','P');
INSERT INTO ATTENDANCE VALUES ('19CS10004',10,'15-8-2020','P');
INSERT INTO ATTENDANCE VALUES ('19CS10004',10,'16-8-2020','P');
INSERT INTO ATTENDANCE VALUES ('19CS10004',10,'20-8-2020','P');
INSERT INTO ATTENDANCE VALUES ('19CS10004',10,'21-8-2020','P');
INSERT INTO ATTENDANCE VALUES ('19CS10004',10,'22-8-2020','P');
INSERT INTO ATTENDANCE VALUES ('19CS10004',11,'10-8-2020','P');
INSERT INTO ATTENDANCE VALUES ('19CS10004',11,'11-8-2020','P');
INSERT INTO ATTENDANCE VALUES ('19CS10004',11,'12-8-2020','P');
INSERT INTO ATTENDANCE VALUES ('19CS10004',11,'13-8-2020','P');
INSERT INTO ATTENDANCE VALUES ('19CS10004',11,'14-8-2020','P');
INSERT INTO ATTENDANCE VALUES ('19CS10004',11,'15-8-2020','P');
INSERT INTO ATTENDANCE VALUES ('19CS10004',11,'16-8-2020','P');
INSERT INTO ATTENDANCE VALUES ('19CS10004',11,'20-8-2020','P');
INSERT INTO ATTENDANCE VALUES ('19CS10004',11,'21-8-2020','P');
INSERT INTO ATTENDANCE VALUES ('19CS10004',11,'22-8-2020','P');
INSERT INTO ATTENDANCE VALUES ('19CS10004',12,'10-8-2020','P');
INSERT INTO ATTENDANCE VALUES ('19CS10004',12,'11-8-2020','P');
INSERT INTO ATTENDANCE VALUES ('19CS10004',12,'12-8-2020','P');
INSERT INTO ATTENDANCE VALUES ('19CS10004',12,'13-8-2020','P');
INSERT INTO ATTENDANCE VALUES ('19CS10004',12,'14-8-2020','P');
INSERT INTO ATTENDANCE VALUES ('19CS10004',12,'16-8-2020','P');
INSERT INTO ATTENDANCE VALUES ('19CS10004',12,'20-8-2020','P');
INSERT INTO ATTENDANCE VALUES ('19CS10004',12,'21-8-2020','P');
INSERT INTO ATTENDANCE VALUES ('19CS10004',12,'22-8-2020','P');
INSERT INTO ATTENDANCE VALUES ('19CS10004',12,'10-8-2020','P');
INSERT INTO ATTENDANCE VALUES ('19CS10004',13,'10-2-2021','P');
INSERT INTO ATTENDANCE VALUES ('19CS10004',13,'11-2-2021','P');
INSERT INTO ATTENDANCE VALUES ('19CS10004',13,'12-2-2021','P');
INSERT INTO ATTENDANCE VALUES ('19CS10004',13,'13-2-2021','P');
INSERT INTO ATTENDANCE VALUES ('19CS10004',13,'14-2-2021','P');
INSERT INTO ATTENDANCE VALUES ('19CS10004',13,'15-2-2021','P');
INSERT INTO ATTENDANCE VALUES ('19CS10004',13,'16-2-2021','P');
INSERT INTO ATTENDANCE VALUES ('19CS10004',13,'20-2-2021','P');
INSERT INTO ATTENDANCE VALUES ('19CS10004',13,'21-2-2021','P');
INSERT INTO ATTENDANCE VALUES ('19CS10004',13,'22-2-2021','P');
INSERT INTO ATTENDANCE VALUES ('19CS10004',14,'10-2-2021','P');
INSERT INTO ATTENDANCE VALUES ('19CS10004',14,'11-2-2021','P');
INSERT INTO ATTENDANCE VALUES ('19CS10004',14,'12-2-2021','P');
INSERT INTO ATTENDANCE VALUES ('19CS10004',14,'13-2-2021','P');
INSERT INTO ATTENDANCE VALUES ('19CS10004',14,'14-2-2021','P');
INSERT INTO ATTENDANCE VALUES ('19CS10004',14,'15-2-2021','P');
INSERT INTO ATTENDANCE VALUES ('19CS10004',14,'16-2-2021','P');
INSERT INTO ATTENDANCE VALUES ('19CS10004',14,'20-2-2021','P');
INSERT INTO ATTENDANCE VALUES ('19CS10004',14,'21-2-2021','P');
INSERT INTO ATTENDANCE VALUES ('19CS10004',14,'22-2-2021','P');
INSERT INTO ATTENDANCE VALUES ('19CS10004',15,'10-2-2021','P');
INSERT INTO ATTENDANCE VALUES ('19CS10004',15,'11-2-2021','P');
INSERT INTO ATTENDANCE VALUES ('19CS10004',15,'12-2-2021','P');
INSERT INTO ATTENDANCE VALUES ('19CS10004',15,'13-2-2021','P');
INSERT INTO ATTENDANCE VALUES ('19CS10004',15,'14-2-2021','P');
INSERT INTO ATTENDANCE VALUES ('19CS10004',15,'15-2-2021','P');
INSERT INTO ATTENDANCE VALUES ('19CS10004',15,'16-2-2021','P');
INSERT INTO ATTENDANCE VALUES ('19CS10004',15,'20-2-2021','P');
INSERT INTO ATTENDANCE VALUES ('19CS10004',15,'21-2-2021','P');
INSERT INTO ATTENDANCE VALUES ('19CS10004',15,'22-2-2021','P');
INSERT INTO ATTENDANCE VALUES ('19CS10004',16,'10-2-2021','P');
INSERT INTO ATTENDANCE VALUES ('19CS10004',16,'11-2-2021','P');
INSERT INTO ATTENDANCE VALUES ('19CS10004',16,'12-2-2021','P');
INSERT INTO ATTENDANCE VALUES ('19CS10004',16,'13-2-2021','P');
INSERT INTO ATTENDANCE VALUES ('19CS10004',16,'14-2-2021','P');
INSERT INTO ATTENDANCE VALUES ('19CS10004',16,'16-2-2021','P');
INSERT INTO ATTENDANCE VALUES ('19CS10004',16,'20-2-2021','P');
INSERT INTO ATTENDANCE VALUES ('19CS10004',16,'21-2-2021','P');
INSERT INTO ATTENDANCE VALUES ('19CS10004',16,'22-2-2021','P');
INSERT INTO ATTENDANCE VALUES ('19CS10004',16,'10-2-2021','P');
INSERT INTO ATTENDANCE VALUES ('19CS10004',17,'10-8-2021','P');
INSERT INTO ATTENDANCE VALUES ('19CS10004',17,'11-8-2021','P');
INSERT INTO ATTENDANCE VALUES ('19CS10004',17,'12-8-2021','P');
INSERT INTO ATTENDANCE VALUES ('19CS10004',17,'13-8-2021','P');
INSERT INTO ATTENDANCE VALUES ('19CS10004',17,'14-8-2021','P');
INSERT INTO ATTENDANCE VALUES ('19CS10004',17,'15-8-2021','P');
INSERT INTO ATTENDANCE VALUES ('19CS10004',17,'16-8-2021','P');
INSERT INTO ATTENDANCE VALUES ('19CS10004',17,'20-8-2021','P');
INSERT INTO ATTENDANCE VALUES ('19CS10004',17,'21-8-2021','P');
INSERT INTO ATTENDANCE VALUES ('19CS10004',17,'22-8-2021','P');
INSERT INTO ATTENDANCE VALUES ('19CS10004',18,'10-8-2021','P');
INSERT INTO ATTENDANCE VALUES ('19CS10004',18,'11-8-2021','P');
INSERT INTO ATTENDANCE VALUES ('19CS10004',18,'12-8-2021','P');
INSERT INTO ATTENDANCE VALUES ('19CS10004',18,'13-8-2021','P');
INSERT INTO ATTENDANCE VALUES ('19CS10004',18,'14-8-2021','P');
INSERT INTO ATTENDANCE VALUES ('19CS10004',18,'15-8-2021','P');
INSERT INTO ATTENDANCE VALUES ('19CS10004',18,'16-8-2021','P');
INSERT INTO ATTENDANCE VALUES ('19CS10004',18,'20-8-2021','P');
INSERT INTO ATTENDANCE VALUES ('19CS10004',18,'21-8-2021','P');
INSERT INTO ATTENDANCE VALUES ('19CS10004',18,'22-8-2021','P');
INSERT INTO ATTENDANCE VALUES ('19CS10004',19,'10-8-2021','P');
INSERT INTO ATTENDANCE VALUES ('19CS10004',19,'11-8-2021','P');
INSERT INTO ATTENDANCE VALUES ('19CS10004',19,'12-8-2021','P');
INSERT INTO ATTENDANCE VALUES ('19CS10004',19,'13-8-2021','P');
INSERT INTO ATTENDANCE VALUES ('19CS10004',19,'14-8-2021','P');
INSERT INTO ATTENDANCE VALUES ('19CS10004',19,'15-8-2021','P');
INSERT INTO ATTENDANCE VALUES ('19CS10004',19,'16-8-2021','P');
INSERT INTO ATTENDANCE VALUES ('19CS10004',19,'20-8-2021','P');
INSERT INTO ATTENDANCE VALUES ('19CS10004',19,'21-8-2021','P');
INSERT INTO ATTENDANCE VALUES ('19CS10004',19,'22-8-2021','P');
INSERT INTO ATTENDANCE VALUES ('19CS10004',20,'10-8-2021','P');
INSERT INTO ATTENDANCE VALUES ('19CS10004',20,'11-8-2021','P');
INSERT INTO ATTENDANCE VALUES ('19CS10004',20,'12-8-2021','P');
INSERT INTO ATTENDANCE VALUES ('19CS10004',20,'13-8-2021','P');
INSERT INTO ATTENDANCE VALUES ('19CS10004',20,'14-8-2021','P');
INSERT INTO ATTENDANCE VALUES ('19CS10004',20,'16-8-2021','P');
INSERT INTO ATTENDANCE VALUES ('19CS10004',20,'20-8-2021','P');
INSERT INTO ATTENDANCE VALUES ('19CS10004',20,'21-8-2021','P');
INSERT INTO ATTENDANCE VALUES ('19CS10004',20,'22-8-2021','P');
INSERT INTO ATTENDANCE VALUES ('19CS10004',20,'10-8-2021','P');
INSERT INTO ATTENDANCE VALUES ('19CS10004',21,'10-2-2022','P');
INSERT INTO ATTENDANCE VALUES ('19CS10004',21,'11-2-2022','P');
INSERT INTO ATTENDANCE VALUES ('19CS10004',21,'12-2-2022','P');
INSERT INTO ATTENDANCE VALUES ('19CS10004',21,'13-2-2022','P');
INSERT INTO ATTENDANCE VALUES ('19CS10004',21,'14-2-2022','P');
INSERT INTO ATTENDANCE VALUES ('19CS10004',21,'15-2-2022','P');
INSERT INTO ATTENDANCE VALUES ('19CS10004',21,'16-2-2022','P');
INSERT INTO ATTENDANCE VALUES ('19CS10004',21,'20-2-2022','P');
INSERT INTO ATTENDANCE VALUES ('19CS10004',21,'21-2-2022','P');
INSERT INTO ATTENDANCE VALUES ('19CS10004',21,'22-2-2022','P');
INSERT INTO ATTENDANCE VALUES ('19CS10004',22,'10-2-2022','P');
INSERT INTO ATTENDANCE VALUES ('19CS10004',22,'11-2-2022','P');
INSERT INTO ATTENDANCE VALUES ('19CS10004',22,'12-2-2022','P');
INSERT INTO ATTENDANCE VALUES ('19CS10004',22,'13-2-2022','P');
INSERT INTO ATTENDANCE VALUES ('19CS10004',22,'14-2-2022','P');
INSERT INTO ATTENDANCE VALUES ('19CS10004',22,'15-2-2022','P');
INSERT INTO ATTENDANCE VALUES ('19CS10004',22,'16-2-2022','P');
INSERT INTO ATTENDANCE VALUES ('19CS10004',22,'20-2-2022','P');
INSERT INTO ATTENDANCE VALUES ('19CS10004',22,'21-2-2022','P');
INSERT INTO ATTENDANCE VALUES ('19CS10004',22,'22-2-2022','P');
INSERT INTO ATTENDANCE VALUES ('19CS10004',23,'10-2-2022','P');
INSERT INTO ATTENDANCE VALUES ('19CS10004',23,'11-2-2022','P');
INSERT INTO ATTENDANCE VALUES ('19CS10004',23,'12-2-2022','P');
INSERT INTO ATTENDANCE VALUES ('19CS10004',23,'13-2-2022','P');
INSERT INTO ATTENDANCE VALUES ('19CS10004',23,'14-2-2022','P');
INSERT INTO ATTENDANCE VALUES ('19CS10004',23,'15-2-2022','P');
INSERT INTO ATTENDANCE VALUES ('19CS10004',23,'16-2-2022','P');
INSERT INTO ATTENDANCE VALUES ('19CS10004',23,'20-2-2022','P');
INSERT INTO ATTENDANCE VALUES ('19CS10004',23,'21-2-2022','P');
INSERT INTO ATTENDANCE VALUES ('19CS10004',23,'22-2-2022','P');
INSERT INTO ATTENDANCE VALUES ('19CS10004',24,'10-2-2022','P');
INSERT INTO ATTENDANCE VALUES ('19CS10004',24,'11-2-2022','P');
INSERT INTO ATTENDANCE VALUES ('19CS10004',24,'12-2-2022','P');
INSERT INTO ATTENDANCE VALUES ('19CS10004',24,'13-2-2022','P');
INSERT INTO ATTENDANCE VALUES ('19CS10004',24,'14-2-2022','P');
INSERT INTO ATTENDANCE VALUES ('19CS10004',24,'16-2-2022','P');
INSERT INTO ATTENDANCE VALUES ('19CS10004',24,'20-2-2022','P');
INSERT INTO ATTENDANCE VALUES ('19CS10004',24,'21-2-2022','P');
INSERT INTO ATTENDANCE VALUES ('19CS10004',24,'22-2-2022','P');
INSERT INTO ATTENDANCE VALUES ('19CS10004',24,'10-2-2022','P');

 
SELECT COUNT(*) FROM ATTENDANCE GROUP BY SROLL;
SELECT * FROM ATTENDANCE;
--COMMIT;
----
--DELETE FROM ATTENDANCE WHERE COURSE_ID >= 1;

--
--SELECT C.CNAME, C.COURSE_ID, K.TOTAL_DAYS,K.PRESENT_DAYS FROM COURSE C,
--    (
--        SELECT * FROM (SELECT COURSE_ID, COUNT(*) AS TOTAL_DAYS FROM ATTENDANCE WHERE SROLL = '19CS10008' GROUP BY COURSE_ID) 
--            NATURAL JOIN 
--        (SELECT COURSE_ID, COUNT(*) AS PRESENT_DAYS FROM ATTENDANCE WHERE STATUS = 'P' AND SROLL = '19CS10008'  GROUP BY COURSE_ID)
--    )
--K WHERE C.COURSE_ID = K.COURSE_ID 
 
 
 CREATE OR REPLACE PROCEDURE add_dept
(
    deptname IN varchar2,
    deptcode IN varchar2,
    hodid IN int,
    dept_id OUT INT 
)    
  AS 
    DEPT INT := 0; 
BEGIN
    select MAX(DEPT_ID) into DEPT FROM DEPARTMENT;
    INSERT INTO DEPARTMENT   VALUES (DEPT+1, DEPTNAME, DEPTCODE, HODID) ;
    dept_id := dept + 1;
END add_dept; 
/ 
 

select * from department;
SET SERVEROUTPUT ON;
DECLARE DEPT INT;
BEGIN
    add_dept('TEMP DEPT','TD',NULL,dept);
    DBMS_OUTPUT.PUT_LINE(DEPT);
END;
/

SELECT * FROM department;


CREATE OR REPLACE PROCEDURE ADD_COURSE(
    cname OUT varchar2 ,
    ctype OUT varchar2,
    dept_id IN int,
    semno IN int,
    CREDITS IN int,
    course_id OUT int
) AS 
    CID INT := 0;
BEGIN
    SELECT MAX(COURSE_ID) + 1 INTO CID FROM COURSE; 
    INSERT INTO COURSE VALUES (CID, CNAME, CTYPE, DEPT_ID, SEMNO, CREDITS);
    COURSE_ID := CID;
END;
/

--select * from person where email = 'f1@s.com';
CREATE SEQUENCE FAC_IDS
START WITH 11
INCREMENT BY 1;

SELECT * FROM FACULTY;
CREATE OR REPLACE PROCEDURE ADD_FACULTY(
 
    fname varchar2, 
    dept int,
    femail varchar2,
    phone varchar2,
    gender char,  
    salary int,
    job_id int,
    password in varchar2,
    fid out int
) 
AS
    curr_max int := 0;
BEGIN  
    INSERT INTO PERSON VALUES (FEMAIL, PASSWORD);
    INSERT INTO FACULTY VALUES (FAC_IDS.NEXTVAL, FNAME,SYSDATE, DEPT, FEMAIL, PHONE, GENDER, SALARY, JOB_ID);
    SELECT FACULTY_ID INTO FID FROM FACULTY F WHERE F.EMAIL = FEMAIL;
END;
/

DECLARE
FID INT;
BEGIN
    add_faculty('S',1,'f112@s.com','9876543210','M', 10000,1, 'pass', FID);
END;
/

SELECT * FROM FACULTY;